spp,modgen,pastgen,grow,n.grow,sd.grow,skel,n.skel,sd.skel,calc,n.calc,sd.calc,corwidth,n.corwidth,cmd,n.cmd,col,repmode,sex,symb,branching,encrusting,laminar,massive,submassive,competitive,stress-tolerant,weedy,generalist,datadeficient,iucnLC,iucnNT,iucnVU,iucnEN,iucnDD,rdb3lc,rdb3nt,rdb3vu,rdb3en,rdb3cr,rdb3nex,rdb3dd,First.known.year,First.known,Last.known.year,Last.known
Acanthastrea echinata,Acanthastrea,Acanthastrea,12.6,1,NA,1.32,1,NA,1.66,1,NA,NA,NA,70,1,1,1,1,0,0,1,0,1,0,0,1,0,0,0,1,0,0,0,0,1,0,0,0,0,0,0,1995,(Loo & Chou),2020,(Kikuzawa et al)
Acanthastrea rotundoflora,Acanthastrea,Acanthastrea,20.6,1,NA,1.05,1,NA,2.15,1,NA,NA,NA,50,1,1,1,NA,0,0,1,0,0,1,0,0,0,0,1,0,1,0,0,0,0,0,0,0,0,0,1,2009,(Huang et al),2020,(Ng et al)
Acropora abrotanoides,Acropora,Acropora,127.5,1,NA,NA,NA,NA,NA,NA,NA,0.95,2,NA,NA,1,1,1,0,1,0,0,0,0,0,0,0,0,1,1,0,0,0,0,0,0,0,0,0,0,1,1992,(REST Survey),1995,(Loo & Chou)
Acropora aculeus,Acropora,Acropora,NA,NA,NA,NA,NA,NA,NA,NA,NA,0.9,2,300,3,1,1,1,0,1,0,0,0,0,0,0,0,0,1,0,0,1,0,0,0,0,0,0,0,0,1,1985,"(ZRC, 19850701)",2018,(Wong et al)
Acropora acuminata,Acropora,Acropora,NA,NA,NA,NA,NA,NA,NA,NA,NA,0.9,2,200,3,1,1,1,0,1,0,0,0,0,0,0,0,0,1,0,0,1,0,0,0,0,1,0,0,0,0,1986,"(ZRC, 19860902)",2019,(Chow et al)
Acropora anthocercis,Acropora,Acropora,NA,NA,NA,NA,NA,NA,NA,NA,NA,1.05,2,100,2,1,1,1,0,1,0,1,0,0,0,0,0,0,1,0,0,1,0,0,0,0,1,0,0,0,0,1995,(Loo & Chou),2019,(Chow et al)
Acropora aspera,Acropora,Acropora,48.5226,40,14.00566431,1.245,2,NA,1.91,1,NA,1.4,2,NA,NA,1,1,1,0,1,0,0,0,0,1,0,0,0,0,0,0,1,0,0,0,0,0,1,0,0,0,2009,(Huang et al),2020,(Quek et al)
Acropora austera,Acropora,Acropora,62.9,1,NA,1.44,1,NA,2.26,1,NA,1.05,2,NA,NA,1,1,1,0,1,0,0,0,0,0,0,0,0,1,0,1,0,0,0,0,0,0,0,0,0,1,1881,(as Madrepora austera; Studer),2009,(Huang et al)
Acropora cerealis,Acropora,Acropora,42.9,4,20.55739932,NA,NA,NA,NA,NA,NA,0.55,2,50,2,1,1,1,0,2,0,0,0,0,1,0,0,0,0,1,0,0,0,0,0,0,0,0,0,0,1,1881,(as Madrepora cerealis; Studer),2009,(Huang et al)
Acropora chesterfieldensis,Acropora,Acropora,NA,NA,NA,NA,NA,NA,NA,NA,NA,0.85,2,NA,NA,1,1,NA,0,1,0,0,0,1,0,0,0,0,1,1,0,0,0,0,0,0,0,0,0,0,1,1991,"(ZRC, 19910600)",1995,(Loo & Chou)
Acropora cytherea,Acropora,Acropora,59.725,4,29.88448594,1.29,1,NA,1.93,1,NA,0.85,2,300,3,1,1,1,0,0,0,1,0,0,1,0,0,0,0,1,0,0,0,0,0,0,0,0,0,0,1,1956,(as Acropora cf. corymbosa; Purchon),2009,(Huang et al)
Acropora dendrum,Acropora,Acropora,NA,NA,NA,NA,NA,NA,NA,NA,NA,0.85,2,100,3,1,1,1,0,1,0,0,0,0,0,0,0,0,1,0,0,1,0,0,0,0,0,0,0,0,1,1986,"(ZRC, 19860909)",1989,(Goh et al)
Acropora digitifera,Acropora,Acropora,37.6,1,NA,1.48,2,NA,1.82,2,NA,1.1,2,100,1,1,1,1,0,0,0,1,0,1,0,0,0,0,1,0,1,0,0,0,0,0,0,1,0,0,0,2005,(Guest et al (a)),2012,(Ng et al)
Acropora divaricata,Acropora,Acropora,41.5,1,NA,NA,NA,NA,NA,NA,NA,0.9,2,80,1,1,1,1,0,0,0,1,0,0,1,0,0,0,0,0,1,0,0,0,0,0,0,0,0,0,1,1881,(as Madrepora tenuispicata; Studer),1985,"(ZRC, 19850802)"
Acropora donei,Acropora,Acropora,NA,NA,NA,NA,NA,NA,NA,NA,NA,1.1,2,300,3,1,1,1,0,1,0,0,0,0,0,0,0,0,1,0,0,1,0,0,0,0,0,0,0,0,1,1986,"(ZRC, 19860829)",2009,(Huang et al)
Acropora elseyi,Acropora,Acropora,135.05,2,61.94255403,NA,NA,NA,NA,NA,NA,0.75,2,50,2,1,1,1,0,1,0,0,0,0,1,0,0,0,0,1,0,0,0,0,0,0,0,0,0,0,1,1995,(Loo & Chou),1995,(Loo & Chou)
Acropora florida,Acropora,Acropora,NA,NA,NA,NA,NA,NA,NA,NA,NA,1.05,2,1500,1,1,1,1,0,1,0,0,0,0,1,0,0,0,0,0,1,0,0,0,0,0,0,0,0,0,1,1881,(as Madrepora gravida; Studer),2009,(Huang et al)
Acropora glauca,Acropora,Acropora,NA,NA,NA,1.46,1,NA,NA,NA,NA,1.1,2,NA,NA,1,1,1,0,0,0,1,0,0,1,0,0,0,0,0,1,0,0,0,0,0,0,0,0,0,1,2009,(Huang et al),2009,(Huang et al)
Acropora grandis,Acropora,Acropora,NA,NA,NA,NA,NA,NA,NA,NA,NA,1.25,2,700,4,1,1,1,0,1,0,0,0,0,1,0,0,0,0,1,0,0,0,0,0,0,0,0,0,0,1,1995,(Loo & Chou),2009,(Huang et al)
Acropora granulosa,Acropora,Acropora,7.16,3,1.814717609,NA,NA,NA,NA,NA,NA,0.65,2,100,4,1,1,1,0,0,0,1,0,0,1,0,0,0,0,0,1,0,0,0,0,0,0,0,0,0,1,2005,(Guest et al (a)),2009,(Huang et al)
Acropora horrida,Acropora,Acropora,NA,NA,NA,0.86,1,NA,NA,NA,NA,1.05,2,200,2,1,1,1,0,1,0,0,0,0,1,0,0,0,0,0,0,1,0,0,0,0,0,0,0,0,1,1995,(Loo & Chou),1995,(Loo & Chou)
Acropora humilis,Acropora,Acropora,20.21666667,6,5.51086805,1.445384615,13,0.222696183,1.91,1,NA,1.4,2,NA,NA,1,1,1,0,0,0,0,0,1,1,0,0,0,0,0,1,0,0,0,0,0,0,0,0,0,1,2005,(Guest et al (a)),2009,(Huang et al)
Acropora hyacinthus,Acropora,Acropora,69.5,4,32.74711183,1.28,1,NA,2.22,1,NA,0.75,2,300,3,1,1,1,0,0,0,1,0,0,1,0,0,0,0,0,1,0,0,0,0,0,0,0,0,0,1,1881,(as Madrepora surculosa; Studer),2019,(Chow et al)
Acropora intermedia,Acropora,Acropora,NA,NA,NA,NA,NA,NA,NA,NA,NA,1.15,2,500,1,1,1,1,0,1,0,0,0,0,1,0,0,0,0,1,0,0,0,0,0,0,0,0,0,0,1,2002,(Guest et al),2009,(Huang et al)
Acropora latistella,Acropora,Acropora,NA,NA,NA,NA,NA,NA,NA,NA,NA,0.75,2,NA,NA,1,1,1,0,1,0,0,0,0,0,0,0,0,1,1,0,0,0,0,0,0,0,0,0,0,1,1986,"(ZRC, 19860829)",2009,(Huang et al)
Acropora longicyathus,Acropora,Acropora,NA,NA,NA,1.27,1,NA,NA,NA,NA,0.9,2,NA,NA,1,1,1,0,2,0,0,0,0,1,0,0,0,0,1,0,0,0,0,0,0,0,0,0,0,1,1881,(as Madrepora longecyathus; Studer),1991,(Huang et al)
Acropora loripes,Acropora,Acropora,NA,NA,NA,NA,NA,NA,NA,NA,NA,0.85,2,50,2,1,1,1,0,2,0,1,0,0,1,0,0,0,0,0,1,0,0,0,0,0,0,0,0,0,1,2005,(Guest et al (a)),2017,(Taira et al)
Acropora lutkeni,Acropora,Acropora,NA,NA,NA,NA,NA,NA,NA,NA,NA,0.9,2,600,1,1,1,1,0,1,0,0,0,0,1,0,0,0,0,0,1,0,0,0,0,0,0,0,0,0,1,1995,(Loo & Chou),1995,(Loo & Chou)
Acropora microclados,Acropora,Acropora,NA,NA,NA,NA,NA,NA,NA,NA,NA,0.9,2,100,1,1,1,1,0,1,0,0,0,0,1,0,0,0,0,0,0,1,0,0,0,0,0,0,0,0,1,1881,(as Madrepora microclados; Studer),2009,(Huang et al)
Acropora microphthalma,Acropora,Acropora,NA,NA,NA,NA,NA,NA,NA,NA,NA,0.8,2,200,1,1,1,1,0,1,0,0,0,0,1,0,0,0,0,1,0,0,0,0,1,0,0,0,0,0,0,1985,"(ZRC, 19850614)",2018,(Wong et al)
Acropora millepora,Acropora,Acropora,NA,NA,NA,NA,NA,NA,NA,NA,NA,1,2,40,1,1,1,1,0,1,0,0,0,0,1,0,0,0,0,0,1,0,0,0,0,0,0,1,0,0,0,1881,(as Madrepora convexa & M.millepora; Studer),2021,(Lee et al)
Acropora muricata,Acropora,Acropora,89.47058824,17,39.00753012,1.69125,5,0.635209939,2.73,2,NA,1,2,1000,2,1,1,1,0,1,0,0,0,0,1,0,0,0,0,0,1,0,0,0,1,0,0,0,0,0,0,1881,(as Madrepora brachiata; Studer),2017,(REL collections)
Acropora nana,Acropora,Acropora,NA,NA,NA,NA,NA,NA,NA,NA,NA,0.75,2,15,2,1,1,1,0,1,0,0,0,0,0,0,0,0,1,0,1,0,0,0,0,0,0,0,0,0,1,1995,(Loo & Chou),1995,(Loo & Chou)
Acropora nasuta,Acropora,Acropora,41.9,5,14.87867602,1.4,1,NA,1.47,1,NA,0.8,2,80,1,1,1,1,0,1,0,0,0,0,0,0,0,0,1,0,1,0,0,0,0,0,0,1,0,0,0,1986,"(ZRC, 19860826)",2009,(Huang et al)
Acropora palmerae,Acropora,Acropora,NA,NA,NA,NA,NA,NA,NA,NA,NA,1.1,2,200,5,1,1,1,0,1,1,0,0,0,0,0,0,0,1,0,0,1,0,0,0,0,0,0,0,0,1,1995,(Loo & Chou),1995,(Loo & Chou)
Acropora polystoma,Acropora,Acropora,NA,NA,NA,NA,NA,NA,NA,NA,NA,1.15,2,80,2,1,1,1,0,2,0,0,0,0,1,0,0,0,0,0,0,1,0,0,0,0,0,0,0,0,1,1987,"(ZRC.1987.1512, Huang et al)",1987,"(ZRC.1987.1512, Huang et al)"
Acropora pulchra,Acropora,Acropora,130.9,4,81.04990232,1.9,1,NA,1.91,1,NA,0.9,2,500,1,1,1,1,0,1,0,0,0,0,1,0,0,0,0,1,0,0,0,0,0,0,0,0,0,0,1,1985,"(ZRC, 19850726)",1985,"(ZRC, 19850726)"
Acropora robusta,Acropora,Acropora,22.4,1,NA,NA,NA,NA,NA,NA,NA,1,2,NA,NA,1,1,1,0,1,0,0,0,0,1,0,0,0,0,1,0,0,0,0,0,0,0,0,0,0,1,1881,(as Madrepora nobilis; Studer),1995,(Loo & Chou)
Acropora samoensis,Acropora,Acropora,NA,NA,NA,NA,NA,NA,NA,NA,NA,1.3,2,100,1,1,1,1,0,2,0,0,0,1,1,0,0,0,0,1,0,0,0,0,0,0,0,0,0,0,1,2005,(Guest et al (a)),2009,(Huang et al)
Acropora secale,Acropora,Acropora,NA,NA,NA,NA,NA,NA,NA,NA,NA,0.75,2,100,1,1,1,1,0,1,0,0,0,0,1,0,0,0,0,0,1,0,0,0,0,0,0,0,0,0,1,1881,(as Madrepora secale; Studer),2017,(BioBlitz_SIMP2017)
Acropora selago,Acropora,Acropora,NA,NA,NA,NA,NA,NA,NA,NA,NA,0.7,2,75,1,1,1,1,0,1,0,0,0,0,0,0,0,0,1,0,1,0,0,0,0,0,0,0,0,0,1,1986,"(ZRC, 19860909)",2009,(Huang et al)
Acropora solitaryensis,Acropora,Acropora,16.7,1,NA,1.45,1,NA,1.91,1,NA,0.8,2,300,5,1,1,1,0,0,0,1,0,0,1,0,0,0,0,0,0,1,0,0,0,0,0,0,0,0,1,2009,(Huang et al),2009,(Huang et al)
Acropora spicifera,Acropora,Acropora,111,3,10.92336944,NA,NA,NA,NA,NA,NA,0.8,2,NA,NA,1,1,1,0,0,0,1,0,0,0,0,0,0,1,0,0,1,0,0,0,0,0,1,0,0,0,1881,(as Madrepora spicifera; Studer),2019,(Chow et al)
Acropora subglabra,Acropora,Acropora,NA,NA,NA,NA,NA,NA,NA,NA,NA,0.55,2,NA,NA,1,1,1,0,1,0,0,0,0,0,0,0,0,1,1,0,0,0,0,0,0,0,1,0,0,0,2009,(Huang et al),2019,(Chow et al)
Acropora subulata,Acropora,Acropora,NA,NA,NA,NA,NA,NA,NA,NA,NA,1,2,300,4,1,1,1,0,0,0,1,0,0,1,0,0,0,0,1,0,0,0,0,0,0,0,0,0,0,1,1986,"(ZRC, 19860819)",1989,(Goh et al)
Acropora tenuis,Acropora,Acropora,87,1,NA,1.32,1,NA,1.91,1,NA,1,2,40,1,1,1,1,0,1,0,0,0,0,1,0,0,0,0,0,1,0,0,0,0,0,0,0,0,0,1,1986,"(ZRC, 19860812)",2005,(Guest et al (a))
Acropora valenciennesi,Acropora,Acropora,179.3333333,6,103.5850697,NA,NA,NA,NA,NA,NA,1.15,2,400,3,1,1,1,0,1,0,0,0,0,1,0,0,0,0,1,0,0,0,0,0,0,0,0,0,0,1,2009,(Huang et al),2009,(Huang et al)
Acropora valida,Acropora,Acropora,52.1,4,15.13208512,1.295,3,0.254558441,1.42,1,NA,0.7,2,150,3,1,1,1,0,2,0,1,0,0,1,0,0,0,0,1,0,0,0,0,1,0,0,0,0,0,0,1956,(as Acropora variabilis; Purchon),2020,(Loo et al)
Acropora verweyi,Acropora,Acropora,NA,NA,NA,NA,NA,NA,NA,NA,NA,0.95,2,NA,NA,1,1,1,0,1,0,0,0,0,1,0,0,0,0,0,0,1,0,0,0,0,0,0,0,0,1,1995,(Loo & Chou),2009,(Huang et al)
Acropora willisae,Acropora,Acropora,NA,NA,NA,NA,NA,NA,NA,NA,NA,0.6,2,100,2,1,1,1,0,1,0,0,0,0,0,0,0,0,1,0,0,1,0,0,0,0,0,0,0,0,1,1986,"(ZRC, 19860826)",1986,"(ZRC, 19860826)"
Alveopora allingi,Alveopora,Alveopora,NA,NA,NA,NA,NA,NA,NA,NA,NA,3.05,2,NA,NA,1,NA,NA,NA,0,1,0,0,2,0,0,0,0,1,0,0,1,0,0,0,0,0,0,0,0,1,1995,(Loo & Chou),1995,(Loo & Chou)
Alveopora catalai,Alveopora,Alveopora,NA,NA,NA,NA,NA,NA,NA,NA,NA,3.05,2,1000,3,1,NA,NA,NA,1,0,0,0,0,0,0,0,0,1,0,1,0,0,0,0,0,0,0,0,0,1,1987,"(ZRC.1987.1890, Huang et al)",1987,"(ZRC.1987.1890, Huang et al)"
Alveopora excelsa,Alveopora,Alveopora,NA,NA,NA,NA,NA,NA,NA,NA,NA,1.85,2,200,1,1,NA,NA,NA,0,0,0,0,1,0,0,0,0,1,0,0,0,1,0,0,0,0,0,0,0,1,1881,(Studer),1961,(Chuang)
Alveopora fenestrata,Alveopora,Alveopora,NA,NA,NA,NA,NA,NA,NA,NA,NA,2.9,2,NA,NA,1,1,NA,0,0,0,0,1,1,0,1,0,0,0,0,0,1,0,0,0,0,0,0,0,0,1,1881,(as Alveopora retusa; Studer),1986,"(ZRC, 19860400)"
Alveopora marionensis,Alveopora,Alveopora,NA,NA,NA,NA,NA,NA,NA,NA,NA,2.7,2,NA,NA,1,NA,NA,NA,0,0,0,0,1,0,0,0,0,1,0,0,1,0,0,0,0,0,0,0,0,1,1995,(Loo & Chou),1995,(Loo & Chou)
Alveopora spongiosa,Alveopora,Alveopora,NA,NA,NA,NA,NA,NA,NA,NA,NA,1.1,2,200,2,1,NA,NA,NA,0,1,0,0,2,0,0,0,0,1,0,1,0,0,0,0,0,0,0,0,0,1,2009,(Huang et al),2018,(REL collections)
Alveopora tizardi,Alveopora,Alveopora,NA,NA,NA,NA,NA,NA,NA,NA,NA,1.45,2,5,1,1,1,1,0,0,1,0,0,1,0,0,0,0,1,1,0,0,0,0,0,0,0,0,0,0,1,2009,(Huang et al),2017,(REL collections)
Astrea annuligera,Astrea,Montastraea,NA,NA,NA,NA,NA,NA,NA,NA,NA,4.45,2,NA,NA,1,1,NA,NA,0,1,0,0,0,0,0,0,0,1,0,1,0,0,0,0,0,0,0,0,0,1,1986,(REST Survey),1995,(as Montastrea annuligera; Loo & Chou)
Astrea curta,Astrea,Montastraea,2.6,2,0.141421356,NA,NA,NA,NA,NA,NA,8.15,2,NA,NA,1,1,1,0,0,1,0,1,1,0,1,0,0,0,1,0,0,0,0,0,0,0,0,0,0,1,1985,"(ZRC, 19850729)",2009,(Huang et al)
Astreopora cucullata,Astreopora,Astreopora,NA,NA,NA,NA,NA,NA,NA,NA,NA,2.05,2,NA,NA,1,1,1,0,0,1,0,1,0,0,0,0,0,1,0,0,1,0,0,0,0,0,0,0,0,1,1986,(REST Survey),2017,(REL collections)
Astreopora expansa,Astreopora,Astreopora,NA,NA,NA,NA,NA,NA,NA,NA,NA,2.2,2,100,1,1,1,1,0,0,0,1,0,0,0,0,0,0,1,0,1,0,0,0,0,0,0,0,0,0,1,1991,"(ZRC.1991.692, Huang et al)",2020,(Quek et al)
Astreopora gracilis,Astreopora,Astreopora,NA,NA,NA,NA,NA,NA,NA,NA,NA,1.5,2,50,1,1,1,1,0,0,0,0,1,0,0,0,0,0,1,1,0,0,0,0,0,1,0,0,0,0,0,1988,"(ZRC, 19881209)",2021,(Lee et al)
Astreopora incrustans,Astreopora,Astreopora,NA,NA,NA,NA,NA,NA,NA,NA,NA,0.8,2,100,1,1,1,NA,0,0,1,1,0,1,0,0,0,0,1,0,0,1,0,0,0,0,0,0,0,0,1,1984,"(ZRC, 19840410)",2017,(REL collections)
Astreopora listeri,Astreopora,Astreopora,NA,NA,NA,NA,NA,NA,NA,NA,NA,1.45,2,200,1,1,1,1,0,0,1,0,1,0,0,0,0,0,1,1,0,0,0,0,0,1,0,0,0,0,0,1986,"(ZRC, 19860418)",2020,(Kikuzawa et al)
Astreopora myriophthalma,Astreopora,Astreopora,7.75,2,3.535533906,0.83,1,NA,0.64,1,NA,2.2,2,100,1,1,1,1,0,0,0,0,1,0,0,1,0,0,0,1,0,0,0,0,1,0,0,0,0,0,0,1956,(as Astraeopora myriophthalma; Purchon),2020,(Lim et al)
Bernardpora stutchburyi,Bernardpora,Goniopora,NA,NA,NA,NA,NA,NA,NA,NA,NA,1.8,2,25,1,1,1,0,0,0,1,0,0,1,0,0,0,0,1,1,0,0,0,0,1,0,0,0,0,0,0,1956,(as Goniopora stutchburyi; Purchon),2020,(Kikuzawa et al)
Caulastraea echinulata,Caulastraea,Caulastraea,NA,NA,NA,1.11,1,NA,NA,NA,NA,11.6,2,60,1,1,1,NA,0,0,0,0,1,0,0,0,0,0,1,0,0,1,0,0,0,1,0,0,0,0,0,1881,(as Dasyphyllia echinulata; Studer),2020,(Lim et al)
Caulastraea furcata,Caulastraea,Caulastraea,NA,NA,NA,NA,NA,NA,NA,NA,NA,10,2,500,1,1,1,1,0,0,0,0,1,0,0,1,0,0,0,1,0,0,0,0,0,0,0,0,0,0,1,1977,"(as Caulastrea furcata, Chuang)",2012,(Ng et al)
Cladopsammia gracilis,Cladopsammia,Tubastraea,NA,NA,NA,NA,NA,NA,NA,NA,NA,NA,NA,NA,NA,1,0,NA,NA,1,NA,NA,NA,NA,0,0,0,0,1,0,0,0,0,1,0,0,0,0,0,0,1,1995,(as Dendrophyllia gracilis; Loo & Chou),1995,(as Dendrophyllia gracilis; Loo & Chou)
Coelastrea incrustans,Coelastrea,Goniastrea,4,2,0.141421356,1.35,1,NA,0.54,1,NA,10,2,500,2,1,1,1,0,0,1,0,1,0,0,0,1,0,0,1,0,0,0,0,1,0,0,0,0,0,0,1977,(as Goniastrea mantonae; Chuang),2021,(as Coelastrea aspera; Lee et al)
Coelastrea palauensis,Coelastrea,Goniastrea,NA,NA,NA,NA,NA,NA,NA,NA,NA,14.4,2,20,1,1,1,1,0,0,1,0,1,0,0,0,0,0,1,0,1,0,0,0,0,0,0,0,0,0,1,1986,(as Goniastrea palauensis; Chou & Wong),2019,(Chow et al)
Coscinaraea columna,Coscinaraea,Coscinaraea,NA,NA,NA,1.41,1,NA,NA,NA,NA,4.75,2,80,1,1,1,0,0,0,1,0,1,0,0,0,0,0,1,1,0,0,0,0,1,0,0,0,0,0,0,1985,"(ZRC, 19850722)",2020,(Ng et al)
Coscinaraea exesa,Coscinaraea,Coscinaraea,NA,NA,NA,NA,NA,NA,NA,NA,NA,4.35,2,NA,NA,1,1,NA,0,0,0,0,0,1,0,0,0,0,1,1,0,0,0,0,0,0,0,0,0,0,1,1995,(Loo & Chou),1995,(Loo & Chou)
Ctenactis albitentaculata,Ctenactis,Fungia,NA,NA,NA,NA,NA,NA,NA,NA,NA,260,1,NA,NA,0,1,NA,0,0,0,0,1,0,0,0,0,0,1,0,1,0,0,0,0,0,0,0,0,0,1,1860, (record consolidated by Hoeksema & Koh 2009),1986,91 (record consolidated by Hoeksema & Koh 2009)
Ctenactis crassa,Ctenactis,Fungia,NA,NA,NA,NA,NA,NA,NA,NA,NA,236,1,NA,NA,0,1,0,0,0,0,0,1,0,0,0,0,0,1,1,0,0,0,0,0,1,0,0,0,0,0,1986,91 (record consolidated by Hoeksema & Koh 2009),2020,(Ng et al)
Ctenactis echinata,Ctenactis,Fungia,NA,NA,NA,NA,NA,NA,NA,NA,NA,284,1,50,2,0,1,0,0,0,0,0,1,0,0,0,0,0,1,1,0,0,0,0,1,0,0,0,0,0,0,1860, (record consolidated by Hoeksema & Koh 2009),2020,(Prasetia et al)
Cycloseris costulata,Cycloseris,Fungia,NA,NA,NA,NA,NA,NA,NA,NA,NA,73,2,8,3,0,NA,NA,0,0,0,0,1,0,0,0,0,0,1,1,0,0,0,0,0,0,0,0,0,0,1,1987,"(as ?Cycloseris marginata; ZRC, 19870603)",1995,(Loo & Chou)
Cycloseris explanulata,Cycloseris,Psammocora,NA,NA,NA,NA,NA,NA,NA,NA,NA,3.95,2,NA,NA,0,1,NA,0,0,1,1,1,0,0,0,0,0,1,1,0,0,0,0,0,0,0,0,0,0,1,1995,(as Psammocora explanulata; Loo & Chou),2020,(Kikuzawa et al)
Cycloseris mokai,Cycloseris,Lithophyllon,NA,NA,NA,NA,NA,NA,NA,NA,NA,5.5,2,10,3,0,NA,NA,0,0,0,0,1,0,0,0,0,0,1,1,0,0,0,0,0,0,0,0,0,0,1,1988,"(ZRC, 19880900)",1995,(Loo & Chou)
Cycloseris vaughani,Cycloseris,Fungia,NA,NA,NA,NA,NA,NA,NA,NA,NA,58.5,1,NA,NA,0,1,NA,0,0,0,0,1,0,0,0,0,0,1,1,0,0,0,0,0,0,0,0,0,0,1,1995,(as Fungia vaughani; Loo & Chou),1995,(as Fungia vaughani; Loo & Chou)
Cyphastrea chalcidicum,Cyphastrea,Cyphastrea,NA,NA,NA,0.93,1,NA,NA,NA,NA,2.2,2,100,1,1,1,1,0,0,1,0,1,0,0,1,0,0,0,1,0,0,0,0,1,0,0,0,0,0,0,1956,(Purchon),2021,(Lee et al)
Cyphastrea microphthalma,Cyphastrea,Cyphastrea,8.4,1,NA,1.35,1,NA,1.13,1,NA,2.15,2,30,1,1,1,1,0,0,1,0,1,0,0,1,0,0,0,1,0,0,0,0,1,0,0,0,0,0,0,1977,(Chuang),2020,(Ng et al)
Cyphastrea serailia,Cyphastrea,Cyphastrea,5.9,4,3.609247382,1.12,1,NA,0.55,1,NA,1.9,2,30,1,1,1,1,0,0,0,0,1,1,0,1,0,0,0,1,0,0,0,0,1,0,0,0,0,0,0,1977,(Chuang),2020,(Kikuzawa et al)
Danafungia horrida,Danafungia,Fungia,NA,NA,NA,NA,NA,NA,NA,NA,NA,204,1,20,3,0,1,0,0,0,0,0,1,0,0,0,0,0,1,1,0,0,0,0,0,0,0,0,0,0,1,1881,(as Fungia danai; Studer),1995,(Loo & Chou)
Danafungia scruposa,Danafungia,Fungia,NA,NA,NA,NA,NA,NA,NA,NA,NA,111,1,26,4,0,1,0,0,0,0,0,1,0,0,0,0,0,1,1,0,0,0,0,1,0,0,0,0,0,0,1860, (record consolidated by Hoeksema & Koh 2009),2020,(Prasetia et al)
Diploastrea heliopora,Diploastrea,Diploastrea,8.8,31,0.35286272,1.24,1,NA,1.1,1,NA,8,2,700,3,1,1,0,0,0,0,0,1,0,0,1,0,0,0,0,1,0,0,0,1,0,0,0,0,0,0,1956,(Purchon),2021,(Lee et al)
Dipsastraea amicorum,Dipsastraea,Favia,NA,NA,NA,NA,NA,NA,NA,NA,NA,9.6,2,NA,NA,1,1,1,0,0,0,0,1,0,0,0,0,0,1,1,0,0,0,0,0,0,0,0,0,0,1,1985,"(ZRC, 19850715)",2009,(Huang et al)
Dipsastraea danai,Dipsastraea,Favia,NA,NA,NA,NA,NA,NA,NA,NA,NA,8,2,15,1,1,1,NA,0,0,0,0,1,0,0,0,0,0,1,1,0,0,0,0,0,0,0,0,0,0,1,2009,(as Favia danae; Huang et al),2020,(Ng et al)
Dipsastraea favus,Dipsastraea,Favia,12.7,1,NA,0.91,1,NA,1.15,1,NA,8.833333333,3,40,2,1,1,1,0,0,1,0,1,0,0,1,0,0,0,1,0,0,0,0,1,0,0,0,0,0,0,1881,(as Favia affinis; Studer),2021,(Lee et al)
Dipsastraea helianthoides,Dipsastraea,Favia,NA,NA,NA,NA,NA,NA,NA,NA,NA,7.6,2,NA,NA,1,1,NA,0,0,0,0,0,1,0,0,0,0,1,0,1,0,0,0,0,0,0,0,0,0,1,2009,(as Favia helianthoides; Huang et al (b)),2009,(as Favia helianthoides; Huang et al (b))
Dipsastraea laxa,Dipsastraea,Favia,NA,NA,NA,NA,NA,NA,NA,NA,NA,4.8,2,NA,NA,1,1,1,0,0,0,0,1,0,0,0,0,0,1,0,1,0,0,0,0,0,0,0,0,0,1,1995,(as Favia laxa; Loo & Chou),2017,(as Dipsastraea cf. laxa; REL collections)
Dipsastraea lizardensis,Dipsastraea,Favia,NA,NA,NA,0.89,1,NA,NA,NA,NA,13.35,2,100,1,1,1,1,0,0,0,0,1,0,0,0,0,0,1,0,1,0,0,0,1,0,0,0,0,0,0,1995,(as Favia lizardensis; Loo & Chou),2020,(Lim et al)
Dipsastraea maritima,Dipsastraea,Favia,NA,NA,NA,NA,NA,NA,NA,NA,NA,16.3,2,NA,NA,1,1,NA,0,0,0,0,1,0,0,0,0,0,1,0,1,0,0,0,0,0,0,0,0,0,1,1995,(as Favia maritima; Loo & Chou),2020,(Ng et al)
Dipsastraea matthaii,Dipsastraea,Favia,NA,NA,NA,1.02,1,NA,NA,NA,NA,11.3,2,40,1,1,1,1,0,0,0,0,1,0,0,1,0,0,0,0,1,0,0,0,1,0,0,0,0,0,0,1995,(as Favia matthaii; Loo & Chou),2020,(Kikuzawa et al)
Dipsastraea maxima,Dipsastraea,Favia,NA,NA,NA,0.91,1,NA,NA,NA,NA,26,2,7,1,1,1,NA,0,0,0,0,1,0,0,0,0,0,1,0,1,0,0,0,0,0,0,0,0,0,1,2007,(as Favia maxima; Ang),2020,(Kikuzawa et al)
Dipsastraea mirabilis,Dipsastraea,Favia,NA,NA,NA,NA,NA,NA,NA,NA,NA,9.6,2,5,1,1,1,1,0,0,0,0,1,0,0,0,0,0,1,1,0,0,0,0,0,0,0,0,0,0,1,2017,(BioBlitz_SIMP2017),2018,(Wong et al)
Dipsastraea pallida,Dipsastraea,Favia,4.533333333,3,1.201388086,1.43,1,NA,0.61,1,NA,8.5,2,10,1,1,1,1,0,0,0,0,1,0,0,1,0,0,0,1,0,0,0,0,0,0,1,0,0,0,0,1977,(Chuang),2020,(Kikuzawa et al)
Dipsastraea rotumana,Dipsastraea,Favia,NA,NA,NA,NA,NA,NA,NA,NA,NA,11.5,2,NA,NA,1,1,1,0,0,1,0,1,0,0,0,0,0,1,1,0,0,0,0,0,0,0,0,0,0,1,2009,(as Favia rotumana; Huang et al),2009,(as Favia rotumana; Huang et al)
Dipsastraea speciosa,Dipsastraea,Favia,6.378571429,14,1.543810755,1.05,1,NA,0.67,1,NA,8.7,2,75,1,1,1,1,0,0,0,0,1,0,0,0,0,0,1,1,0,0,0,0,1,0,0,0,0,0,0,1881,(as Favia speciosa; Studer),2021,(Lee et al)
Dipsastraea veroni,Dipsastraea,Favia,NA,NA,NA,NA,NA,NA,NA,NA,NA,13.75,2,NA,NA,1,1,1,0,0,0,0,1,0,0,0,0,0,1,0,1,0,0,0,0,0,0,0,0,0,1,1995,(as Favia veroni; Loo & Chou),2009,(as Favia veroni; Huang et al)
Duncanopsammia peltata,Duncanopsammia,Turbinaria,11.5,1,NA,1.27,1,NA,1.46,1,NA,4.5,2,80,1,1,1,NA,0,0,1,1,0,1,0,0,0,0,1,0,0,1,0,0,1,0,0,0,0,0,0,1881,(as Turbinaria peltata; Studer),2021,(as Turbinaria peltata; Lee et al)
Echinophyllia aspera,Echinophyllia,Echinophyllia,NA,NA,NA,NA,NA,NA,NA,NA,NA,9.85,2,120,1,1,1,1,0,0,1,1,0,0,0,0,0,0,1,1,0,0,0,0,1,0,0,0,0,0,0,1985,"(ZRC, 19850805)",2020,(Kikuzawa et al)
Echinophyllia echinoporoides,Echinophyllia,Echinophyllia,NA,NA,NA,NA,NA,NA,NA,NA,NA,4.1,2,140,1,1,1,NA,0,0,1,0,0,0,0,0,0,0,1,1,0,0,0,0,1,0,0,0,0,0,0,1995,(Loo & Chou),2020,(Ng et al)
Echinophyllia glabra,Echinophyllia,Oxypora,NA,NA,NA,NA,NA,NA,NA,NA,NA,6.25,2,NA,NA,1,1,1,0,0,1,1,0,0,0,0,0,0,1,1,0,0,0,0,0,0,1,0,0,0,0,1985,"(ZRC, 19850701)",2020,(Ng et al)
Echinopora gemmacea,Echinopora,Echinopora,29.9,1,NA,1.49,1,NA,4.46,1,NA,3.6,2,200,1,1,1,1,0,0,1,1,0,1,0,0,0,1,0,1,0,0,0,0,1,0,0,0,0,0,0,1995,(Loo & Chou),2020,(Ng et al)
Echinopora hirsutissima,Echinopora,Echinopora,NA,NA,NA,NA,NA,NA,NA,NA,NA,3.95,2,NA,NA,1,1,NA,0,0,1,0,0,1,0,0,0,0,1,1,0,0,0,0,0,0,0,0,0,0,1,1995,(Loo & Chou),2009,(Huang et al)
Echinopora horrida,Echinopora,Echinopora,NA,NA,NA,NA,NA,NA,NA,NA,NA,2.2,2,500,1,1,1,1,0,1,1,0,0,0,0,0,0,0,1,0,1,0,0,0,1,0,0,0,0,0,0,"
18",8 (BrÃ¼ggemann),2018,(Wong et al)
Echinopora lamellosa,Echinopora,Echinopora,34.2,1,NA,1.69,1,NA,5.77,1,NA,2.85,2,500,1,1,1,1,0,0,0,1,0,0,0,0,0,0,1,1,0,0,0,0,1,0,0,0,0,0,0,1881,(as Echinopora flexuosa & E. reflexa; Studer),2020,(Kikuzawa et al)
Echinopora pacifica,Echinopora,Echinopora,NA,NA,NA,NA,NA,NA,NA,NA,NA,3.55,2,NA,NA,1,1,1,0,0,0,1,0,0,0,0,0,0,1,0,1,0,0,0,0,0,0,0,0,0,1,2009,(as Echinopora pacificus; Huang et al),2018,(Wong et al)
Euphyllia glabrescens,Euphyllia,Euphyllia,NA,NA,NA,NA,NA,NA,NA,NA,NA,13.5,2,NA,NA,1,0,1,1,0,0,0,1,0,0,0,0,0,1,0,1,0,0,0,0,0,0,0,0,0,1,1881,(as Euphyllia turgida; Studer),2020,(Lim et al)
Favites abdita,Favites,Favites,0.8,1,NA,1.27,1,NA,0.1,1,NA,11.25,2,100,2,1,1,1,0,0,0,0,1,0,0,1,0,0,0,0,1,0,0,0,1,0,0,0,0,0,0,1881,"(as Prionastraea abdita, P. magnifica & P. robusta; Studer)",2021,(Lee et al)
Favites chinensis,Favites,Favites,NA,NA,NA,1.38,1,NA,NA,NA,NA,10,2,30,1,1,1,1,0,0,0,0,1,0,0,1,0,0,0,0,1,0,0,0,1,0,0,0,0,0,0,1986,(Chou & Wong),2021,(Lee et al)
Favites colemani,Favites,Montastraea,NA,NA,NA,NA,NA,NA,NA,NA,NA,5.95,2,40,1,1,NA,NA,0,0,1,0,0,1,0,0,0,0,1,0,1,0,0,0,0,0,0,0,0,0,1,2009,(as Montastrea colemani; Huang et al),2009,(Huang et al)
Favites complanata,Favites,Favites,7.5,1,NA,1.21,1,NA,0.91,1,NA,13.4,2,60,1,1,1,1,0,0,0,0,1,0,0,0,0,0,1,0,1,0,0,0,1,0,0,0,0,0,0,1985,"(ZRC, 19850721)",2021,(Lee et al)
Favites flexuosa,Favites,Favites,NA,NA,NA,NA,NA,NA,NA,NA,NA,16,2,NA,NA,1,1,1,0,0,1,0,1,0,0,0,0,0,1,0,1,0,0,0,0,0,1,0,0,0,0,1986,(REST Survey),2020,(Ng et al)
Favites halicora,Favites,Favites,15.8,1,NA,1.38,1,NA,2.18,1,NA,13.8,2,35,1,1,1,1,0,0,0,0,1,0,0,1,0,0,0,0,1,0,0,0,1,0,0,0,0,0,0,1985,"(ZRC, 19850706)",2020,(Ng et al)
Favites magnistellata,Favites,Montastraea,NA,NA,NA,NA,NA,NA,NA,NA,NA,8.6,2,200,1,1,1,1,0,0,1,0,1,0,0,0,0,0,1,0,1,0,0,0,0,1,0,0,0,0,0,1986,"(ZRC, 19860509)",2017,(REL Collections)
Favites paraflexuosus,Favites,Favites,NA,NA,NA,NA,NA,NA,NA,NA,NA,13.35,2,60,1,1,1,NA,0,0,1,0,1,0,0,0,0,0,1,0,1,0,0,0,0,0,0,0,0,0,1,2009,(as Favites paraflexuosa; Huang et al),2020,(Ng et al)
Favites pentagona,Favites,Favites,11.9,1,NA,1.25,1,NA,1.48,1,NA,6.15,2,100,2,1,1,1,0,0,1,0,0,2,0,1,0,0,0,1,0,0,0,0,1,0,0,0,0,0,0,1995,(Loo & Chou),2021,(Lee et al)
Favites rotundata,Favites,Favia,NA,NA,NA,NA,NA,NA,NA,NA,NA,18.7,2,NA,NA,1,1,NA,0,0,1,0,1,0,0,0,0,0,1,0,1,0,0,0,0,0,0,0,0,0,1,1995,(as Favia rotundata; Loo & Chou),2020,(Ng et al)
Favites valenciennesi,Favites,Montastraea,NA,NA,NA,1.18,1,NA,NA,NA,NA,8.75,2,80,1,1,1,1,0,0,1,0,0,1,0,1,0,0,0,0,1,0,0,0,1,0,0,0,0,0,0,1977,(Chuang),2021,(Lee et al)
Fimbriaphyllia ancora,Fimbriaphyllia,Euphyllia,NA,NA,NA,1.1,1,NA,NA,NA,NA,30.5,2,100,1,1,1,0,NA,0,0,0,1,0,0,0,0,0,1,0,0,1,0,0,1,0,0,0,0,0,0,1995,(as Euphyllia ancora; Loo & Chou),2020,(Lim et al)
Fimbriaphyllia divisa,Fimbriaphyllia,Euphyllia,NA,NA,NA,NA,NA,NA,NA,NA,NA,22,1,100,2,1,1,NA,NA,0,0,0,1,0,0,0,0,0,1,0,1,0,0,0,0,0,1,0,0,0,0,1986,"(ZRC, 19860506)",2019,(Chow et al)
Fimbriaphyllia paraancora,Fimbriaphyllia,Euphyllia,NA,NA,NA,NA,NA,NA,NA,NA,NA,29.5,2,NA,NA,1,1,NA,NA,0,0,0,1,0,0,0,0,0,1,0,0,1,0,0,0,0,0,0,0,0,1,2020,(Lim et al),2020,(Lim et al)
Fimbriaphyllia paradivisa,Fimbriaphyllia,Euphyllia,NA,NA,NA,NA,NA,NA,NA,NA,NA,40.5,2,NA,NA,1,NA,NA,NA,0,0,0,1,0,0,0,0,0,1,0,0,1,0,0,0,0,0,0,0,0,1,2020,(Ng et al),2020,(Lim et al)
Fungia fungites,Fungia,Fungia,2,1,NA,1.99,1,NA,0.405,2,NA,158,1,28,3,0,1,0,0,0,0,0,1,0,0,1,0,0,0,0,1,0,0,0,1,0,0,0,0,0,0,1860, (record consolidated by Hoeksema & Koh 2009),2020,(Prasetia et al)
Galaxea astreata,Galaxea,Galaxea,NA,NA,NA,0.87,1,NA,NA,NA,NA,3.55,2,300,4,1,1,0,0,0,1,0,0,2,0,1,0,0,0,0,0,1,0,0,1,0,0,0,0,0,0,1881,(as Galaxea clavus; Studer),2020,(Lim et al)
Galaxea fascicularis,Galaxea,Galaxea,NA,NA,NA,1.03,1,NA,NA,NA,NA,8.25,2,500,3,1,1,0,0,0,0,0,1,0,0,1,0,0,0,0,1,0,0,0,1,0,0,0,0,0,0,1881,(Studer),2020,(Kikuzawa et al)
Gardineroseris planulata,Gardineroseris,Gardineroseris,9.9,3,3.576310948,1.63,1,NA,1.61,1,NA,3.2,2,NA,NA,1,1,0,0,0,1,1,1,0,0,1,0,0,0,1,0,0,0,0,0,0,0,0,0,0,1,1995,(as Gardineroseris sp.; Loo & Chou),1995,(as Gardineroseris sp.; Loo & Chou)
Goniastrea edwardsi,Goniastrea,Goniastrea,9.8625,4,2.271334043,1.3,1,NA,1.28,1,NA,3.75,2,100,2,1,1,1,0,0,0,0,1,0,0,1,0,0,0,1,0,0,0,0,1,0,0,0,0,0,0,1881,(as Goniastraea capitata; Studer),2019,(Chow et al)
Goniastrea favulus,Goniastrea,Goniastrea,4.05,2,0.353553391,NA,NA,NA,NA,NA,NA,5.75,2,60,1,1,1,1,0,0,1,0,1,0,0,1,0,0,0,0,1,0,0,0,1,0,0,0,0,0,0,1995,(Loo & Chou),2020,(Ng et al)
Goniastrea minuta,Goniastrea,Goniastrea,NA,NA,NA,NA,NA,NA,NA,NA,NA,5.1,2,NA,NA,1,1,1,0,0,1,0,0,1,0,0,0,0,1,0,1,0,0,0,0,0,0,0,0,0,1,2005,(Guest et al (b)),2015,(Ng et al)
Goniastrea pectinata,Goniastrea,Goniastrea,12,1,NA,1.27,1,NA,1.52,1,NA,10,2,150,1,1,1,1,0,0,1,0,0,1,0,0,0,0,1,1,0,0,0,0,1,0,0,0,0,0,0,1956,(Purchon),2020,(Kikuzawa et al)
Goniastrea retiformis,Goniastrea,Goniastrea,7.4,6,0.845281018,1.445,2,NA,0.88,1,NA,5,2,100,2,1,1,1,0,0,1,0,1,1,0,1,0,0,0,1,0,0,0,0,1,0,0,0,0,0,0,1961,(Chuang),2021,(Lee et al)
Goniastrea stelligera,Goniastrea,Favia,10,1,NA,NA,NA,NA,NA,NA,NA,4.15,2,NA,NA,1,1,1,0,0,1,0,1,1,0,1,0,0,0,0,1,0,0,0,0,0,0,0,0,0,1,1985,"(ZRC, 19850715)",2009,(Huang)
Goniopora columna,Goniopora,Goniopora,NA,NA,NA,0.86,1,NA,NA,NA,NA,3.2,2,400,1,1,1,0,0,0,0,0,0,1,0,0,0,0,1,0,1,0,0,0,1,0,0,0,0,0,0,1956,(Purchon),2021,(Lee et al)
Goniopora djiboutiensis,Goniopora,Goniopora,NA,NA,NA,NA,NA,NA,NA,NA,NA,3.95,2,180,1,1,1,0,0,0,0,0,0,2,0,0,0,0,1,1,0,0,0,0,0,1,0,0,0,0,0,1986,"(ZRC, 19860429)",2020,(Ng et al)
Goniopora eclipsensis,Goniopora,Goniopora,NA,NA,NA,NA,NA,NA,NA,NA,NA,2.55,2,NA,NA,1,1,NA,0,0,0,0,0,1,0,0,0,0,1,1,0,0,0,0,0,0,0,0,0,0,1,1985,"(ZRC, 19850719)",1985,"(ZRC, 19850719)"
Goniopora fruticosa,Goniopora,Goniopora,NA,NA,NA,NA,NA,NA,NA,NA,NA,2.7,2,NA,NA,1,1,NA,0,1,1,0,0,0,0,0,0,0,1,1,0,0,0,0,0,0,0,0,0,0,1,1956,(Purchon),1995,(Loo & Chou)
Goniopora lobata,Goniopora,Goniopora,18.4,1,NA,1.03,1,NA,1.89,1,NA,3.5,2,60,1,1,1,0,0,0,0,0,1,1,0,0,0,0,1,0,1,0,0,0,1,0,0,0,0,0,0,1956,(Purchon),2020,(Kikuzawa et al)
Goniopora pandoraensis,Goniopora,Goniopora,NA,NA,NA,NA,NA,NA,NA,NA,NA,2.35,2,200,1,1,1,NA,0,0,0,0,0,1,0,0,0,0,1,1,0,0,0,0,1,0,0,0,0,0,0,1995,(Loo & Chou),2019,(Chow et al)
Goniopora pedunculata,Goniopora,Goniopora,NA,NA,NA,0.94,1,NA,NA,NA,NA,2,2,300,1,1,1,0,0,0,1,0,1,0,0,0,0,0,1,0,1,0,0,0,0,0,0,0,0,0,1,2017,(as Goniopora minor; BioBlitz_SIMP2017),2021,(Lee et al)
Goniopora pendulus,Goniopora,Goniopora,NA,NA,NA,NA,NA,NA,NA,NA,NA,4.85,2,30,1,1,1,NA,0,0,0,0,1,0,0,0,0,0,1,1,0,0,0,0,0,0,0,0,0,0,1,1987,"(ZRC.1987.1916, Huang et al)",2020,(Ng et al)
Goniopora somaliensis,Goniopora,Goniopora,NA,NA,NA,NA,NA,NA,NA,NA,NA,2.65,2,200,2,1,1,NA,0,0,1,0,0,0,0,0,0,0,1,1,0,0,0,0,0,0,0,0,0,0,1,1985,"(ZRC, 19850721)",2014,(Junjie et al)
Goniopora stokesi,Goniopora,Goniopora,NA,NA,NA,NA,NA,NA,NA,NA,NA,3.7,2,15,2,1,1,NA,0,0,0,0,1,1,0,0,0,0,1,0,1,0,0,0,0,1,0,0,0,0,0,1987,"(ZRC, 19870209)",2018,(Wong et al)
Goniopora tenuidens,Goniopora,Goniopora,NA,NA,NA,0.99,1,NA,NA,NA,NA,NA,NA,15,1,1,1,0,0,0,0,0,1,0,0,0,0,0,1,1,0,0,0,0,0,0,0,0,0,0,1,2018,(Wong et al),2020,(Ng et al)
Heliofungia actiniformis,Heliofungia,Heliofungia,5.76,1,NA,NA,NA,NA,NA,NA,NA,142,1,20,1,0,1,NA,0,0,0,0,1,0,0,1,0,0,0,0,0,1,0,0,0,1,0,0,0,0,0,1890, (record consolidated by Hoeksema & Koh 2009),2020,(Prasetia et al)
Herpolitha limax,Herpolitha,Herpolitha,10,1,NA,NA,NA,NA,NA,NA,NA,370,1,52,1,1,1,0,0,0,0,0,1,0,0,0,0,0,1,1,0,0,0,0,1,0,0,0,0,0,0,1860, (record consolidated by Hoeksema & Koh 2009),2020,(Prasetia et al)
Homophyllia bowerbanki,Homophyllia,Acanthastrea,NA,NA,NA,NA,NA,NA,NA,NA,NA,22.5,2,200,2,1,1,NA,0,0,1,0,1,0,0,0,0,0,1,0,0,1,0,0,0,0,0,0,0,0,1,1995,(as Acanthastrea hillae; Loo & Chou),2009,(Huang et al)
Hydnophora exesa,Hydnophora,Hydnophora,34.7,2,NA,1,1,NA,3.48,1,NA,3.75,2,200,2,1,1,1,0,0,2,1,0,1,0,0,0,1,0,0,1,0,0,0,1,0,0,0,0,0,0,1881,(Studer),2020,(Kikuzawa et al)
Hydnophora grandis,Hydnophora,Hydnophora,NA,NA,NA,1.4,1,NA,NA,NA,NA,4,2,120,1,1,1,NA,0,1,1,0,0,0,0,0,0,0,1,1,0,0,0,0,0,1,0,0,0,0,0,2018,(Wong et al),2020,(Kikuzawa et al)
Hydnophora microconos,Hydnophora,Hydnophora,8.9,2,3.676955262,1.37,1,NA,0.825,2,NA,5.4,2,NA,NA,1,1,1,0,0,0,0,1,0,0,1,0,0,0,0,1,0,0,0,0,0,0,0,0,0,1,1977,(Chuang),2017,(BioBlitz_SIMP2017)
Hydnophora rigida,Hydnophora,Hydnophora,52.2,3,NA,1.38,1,NA,2.88,1,NA,5.7,2,50,1,1,1,1,0,1,0,0,0,1,0,0,0,0,1,1,0,0,0,0,0,1,0,0,0,0,0,1881,(Studer),2020,(Lim et al)
Isopora brueggemanni,Isopora,Acropora,74.8,1,NA,NA,NA,NA,NA,NA,NA,1.3,2,NA,NA,1,0,1,0,1,0,0,0,0,0,0,0,0,1,0,0,1,0,0,0,0,0,0,0,0,1,1956,(as Acropora brueggemanni; Purchon),1995,(Loo & Chou)
Isopora palifera,Isopora,Acropora,NA,NA,NA,1.52,1,NA,NA,NA,NA,1.05,2,NA,NA,1,0,1,0,1,1,0,0,1,0,0,0,0,1,0,1,0,0,0,0,0,0,0,0,0,1,1991,"(ZRC.1991.596, Huang et al)",1991,"(ZRC.1991.596, Huang et al)"
Leptastrea purpurea,Leptastrea,Leptastrea,1.8,1,NA,1.54,2,NA,0.285,2,NA,5.9,2,100,1,1,1,0,0,0,1,0,0,0,0,0,1,0,0,1,0,0,0,0,1,0,0,0,0,0,0,1977,(Chuang),2021,(Lee et al)
Leptastrea transversa,Leptastrea,Leptastrea,NA,NA,NA,NA,NA,NA,NA,NA,NA,7.3,2,NA,NA,1,1,0,0,0,1,0,1,0,0,0,0,0,1,1,0,0,0,0,1,0,0,0,0,0,0,1985,"(ZRC, 19850726)",2021,(Lee et al)
Leptoria phrygia,Leptoria,Leptoria,10.6,1,NA,1.245,2,NA,0.93,1,NA,3.05,2,150,1,1,1,1,0,0,0,0,1,2,0,1,0,0,0,0,1,0,0,0,1,0,0,0,0,0,0,1956,(Purchon),2018,(Wong et al)
Leptoseris explanata,Leptoseris,Leptoseris,NA,NA,NA,NA,NA,NA,NA,NA,NA,3.2,2,25,1,1,1,0,0,0,1,1,0,0,0,0,0,0,1,1,0,0,0,0,0,0,1,0,0,0,0,1987,"(ZRC, 19870418)",2020,(Kikuzawa et al)
Leptoseris hawaiiensis,Leptoseris,Leptoseris,NA,NA,NA,NA,NA,NA,NA,NA,NA,2.4,2,NA,NA,1,1,NA,0,0,1,0,0,1,0,0,0,0,1,1,0,0,0,0,0,0,0,0,0,0,1,1987,"(ZRC, 19870212)",1987,"(ZRC, 19870212)"
Leptoseris scabra,Leptoseris,Leptoseris,NA,NA,NA,NA,NA,NA,NA,NA,NA,5.05,2,NA,NA,1,1,NA,0,0,1,0,0,1,0,0,0,0,1,1,0,0,0,0,0,0,0,0,0,0,1,1988,"(ZRC, 19881206)",2020,(Ng et al)
Lithophyllon concinna,Lithophyllon,Fungia,NA,NA,NA,NA,NA,NA,NA,NA,NA,160,1,25,5,0,1,0,0,0,0,0,1,0,0,0,0,0,1,1,0,0,0,0,1,0,0,0,0,0,0,1860, (record consolidated by Hoeksema & Koh 2009),2020,(Prasetia et al)
Lithophyllon repanda,Lithophyllon,Fungia,NA,NA,NA,NA,NA,NA,NA,NA,NA,150,2,30,3,0,1,0,0,0,0,0,1,0,0,0,0,0,1,1,0,0,0,0,1,0,0,0,0,0,0,1860, (record consolidated by Hoeksema & Koh 2009),2020,(Prasetia et al)
Lithophyllon scabra,Lithophyllon,Fungia,NA,NA,NA,NA,NA,NA,NA,NA,NA,78,1,20,1,0,1,NA,0,0,0,0,1,0,0,0,0,0,1,1,0,0,0,0,1,0,0,0,0,0,0,1860, (record consolidated by Hoeksema & Koh 2009),2020,(Prasetia et al)
Lithophyllon undulatum,Lithophyllon,Lithophyllon,4.4,1,NA,1.61,1,NA,0.7,1,NA,3.7,2,60,2,1,1,NA,0,0,1,1,0,0,0,0,0,0,1,0,1,0,0,0,1,0,0,0,0,0,0,1986,91 (record consolidated by Hoeksema & Koh 2009),2020,(Lim et al)
Lobactis scutaria,Lobactis,Fungia,9.3,4,5.324784816,NA,NA,NA,NA,NA,NA,169,1,17,3,0,1,0,0,0,0,0,1,0,0,0,0,0,1,1,0,0,0,0,0,0,0,0,0,0,1,1881,(Studer),1995,(Loo & Chou)
Lobophyllia agaricia,Lobophyllia,Symphyllia,NA,NA,NA,NA,NA,NA,NA,NA,NA,26.75,2,80,1,1,1,NA,0,0,1,0,1,0,0,0,0,0,1,1,0,0,0,0,1,0,0,0,0,0,0,1881,(as Symphyllia indica; Studer),2020,(Kikuzawa et al)
Lobophyllia corymbosa,Lobophyllia,Lobophyllia,NA,NA,NA,NA,NA,NA,NA,NA,NA,30.33333333,3,200,2,1,1,1,0,0,1,0,1,0,0,1,0,0,0,1,0,0,0,0,1,0,0,0,0,0,0,1986,"(ZRC, 19860506)",2020,(Lim et al)
Lobophyllia flabelliformis,Lobophyllia,Lobophyllia,NA,NA,NA,NA,NA,NA,NA,NA,NA,44.2,2,200,1,1,1,NA,0,0,0,0,1,0,0,0,0,0,1,0,0,1,0,0,0,0,0,0,0,0,1,2019,(Chow et al),2020,(Ng et al)
Lobophyllia hataii,Lobophyllia,Lobophyllia,NA,NA,NA,NA,NA,NA,NA,NA,NA,27.5,2,25,1,1,1,NA,0,0,0,0,1,0,0,0,0,0,1,1,0,0,0,0,0,0,1,0,0,0,0,1986,"(ZRC, 19860506)",2020,(Kikuzawa et al)
Lobophyllia hemprichii,Lobophyllia,Lobophyllia,9.7,1,NA,1.24,1,NA,1.21,1,NA,21.65,2,500,1,1,1,1,0,0,1,0,1,0,0,0,0,0,1,1,0,0,0,0,1,0,0,0,0,0,0,1881,(as Mussa tenuidentata; Studer),2020,(Kikuzawa et al)
Lobophyllia radians,Lobophyllia,Symphyllia,NA,NA,NA,1.11,1,NA,NA,NA,NA,30,2,100,1,1,1,1,0,0,1,0,1,0,0,0,0,0,1,1,0,0,0,0,1,0,0,0,0,0,0,1881,(as Symphyllia radians & S. grandis; Studer),2021,(Lee et al)
Lobophyllia recta,Lobophyllia,Symphyllia,11.8,1,NA,1.04,1,NA,1.22,1,NA,12,2,120,1,1,1,1,0,0,1,0,1,0,0,0,0,0,1,1,0,0,0,0,1,0,0,0,0,0,0,1956,(as Symphyllia nobilis; Purchon),2020,(Kikuzawa et al)
Lobophyllia robusta,Lobophyllia,Lobophyllia,NA,NA,NA,NA,NA,NA,NA,NA,NA,47.5,1,25,1,1,NA,NA,NA,0,0,0,1,0,0,0,0,0,1,1,0,0,0,0,0,0,0,0,0,0,1,2020,(REST Survey),2020,(REST Survey)
Lobophyllia valenciennesii,Lobophyllia,Symphyllia,NA,NA,NA,1.53,1,NA,NA,NA,NA,32.5,2,15,1,1,1,NA,0,0,1,0,0,0,0,0,0,0,1,1,0,0,0,0,0,0,0,0,0,0,1,2009,(as Symphyllia valenciennesii; Huang et al),2020,(Ng et al)
Madracis kirbyi,Madracis,Madracis,NA,NA,NA,NA,NA,NA,NA,NA,NA,2.25,2,125,1,1,NA,NA,NA,0,1,1,0,2,0,0,0,0,1,1,0,0,0,0,0,0,0,0,0,0,1,1995,(Loo & Chou),2019,(REL Collections)
Merulina ampliata,Merulina,Merulina,22.9,11,8.635360659,1.69,1,NA,3.86,1,NA,5,2,200,1,1,1,1,0,0,0,1,0,1,0,0,0,1,0,1,0,0,0,0,1,0,0,0,0,0,0,1881,(Studer),2020,(Kikuzawa et al)
Merulina scabricula,Merulina,Merulina,NA,NA,NA,1.53,1,NA,NA,NA,NA,2.65,2,300,1,1,1,NA,0,0,0,1,0,1,0,0,0,0,1,1,0,0,0,0,1,0,0,0,0,0,0,1985,"(ZRC, 19850621)",2020,(Kikuzawa et al)
Micromussa amakusensis,Micromussa,Acanthastrea,NA,NA,NA,NA,NA,NA,NA,NA,NA,8.6,2,60,1,1,1,1,0,0,1,0,1,0,0,0,0,0,1,0,1,0,0,0,0,0,0,0,0,0,1,2019,(Ng et al),2019,(Ng et al)
Montipora aequituberculata,Montipora,Montipora,NA,NA,NA,NA,NA,NA,NA,NA,NA,0.8,2,NA,NA,1,1,1,1,0,1,1,0,1,0,0,0,0,1,1,0,0,0,0,0,0,0,0,0,0,1,1989,"(ZRC, 19892301)",2019,(Chow et al)
Montipora angulata,Montipora,Montipora,NA,NA,NA,NA,NA,NA,NA,NA,NA,1.15,2,NA,NA,1,1,NA,1,1,1,0,0,0,0,0,0,0,1,0,0,1,0,0,0,0,0,0,0,0,1,1987,"(ZRC, 19870216)",1992,"(ZRC,N322,199206)"
Montipora capricornis,Montipora,Montipora,NA,NA,NA,NA,NA,NA,NA,NA,NA,0.8,2,NA,NA,1,1,1,1,0,1,1,0,1,0,0,0,0,1,0,0,1,0,0,0,0,0,0,0,0,1,1988,"(ZRC, BB42, 19880620",Loo ,nd Chou 1995
Montipora corbettensis,Montipora,Montipora,NA,NA,NA,0.83,1,NA,NA,NA,NA,0.7,2,70,1,1,1,NA,1,0,1,0,1,1,0,0,0,0,1,0,0,1,0,0,0,1,0,0,0,0,0,1985,"(ZRC, 19850722)",2019,(Chow et al)
Montipora crassituberculata,Montipora,Montipora,NA,NA,NA,NA,NA,NA,NA,NA,NA,1.35,2,NA,NA,1,1,1,1,0,1,1,0,1,0,0,0,0,1,0,0,1,0,0,0,0,0,0,0,0,1,1985,"(ZRC, 19850726)",Loo ,nd Chou 1995
Montipora danae,Montipora,Montipora,NA,NA,NA,NA,NA,NA,NA,NA,NA,1.15,2,40,1,1,1,1,1,0,0,1,0,1,0,0,0,1,0,1,0,0,0,0,0,1,0,0,0,0,0,1985,"(ZRC, 19850802)",2019,(Chow et al)
Montipora digitata,Montipora,Montipora,41.494,11,33.58711247,NA,NA,NA,NA,NA,NA,0.85,2,30,1,1,1,1,1,1,0,0,0,0,1,0,0,0,0,1,0,0,0,0,0,0,1,0,0,0,0,1956,(as Montipora fruticosa; Purchon),2018,(Wong et al)
Montipora efflorescens,Montipora,Montipora,NA,NA,NA,NA,NA,NA,NA,NA,NA,0.9,2,NA,NA,1,1,1,1,0,0,0,1,1,0,0,0,0,1,0,1,0,0,0,0,1,0,0,0,0,0,1956,(Purchon),2020,(Ng et al)
Montipora foliosa,Montipora,Montipora,32.5,1,NA,NA,NA,NA,NA,NA,NA,0.75,2,NA,NA,1,1,1,1,0,0,1,0,0,0,0,0,0,1,0,1,0,0,0,0,1,0,0,0,0,0,1956,(as Montipora prolifera; Purchon),2018,(Wong et al)
Montipora grisea,Montipora,Montipora,NA,NA,NA,0.85,1,NA,NA,NA,NA,1,2,80,1,1,1,1,1,0,1,0,1,0,0,0,0,0,1,1,0,0,0,0,0,0,1,0,0,0,0,1985,"(ZRC, 19850805)",2020,(Ng et al)
Montipora hispida,Montipora,Montipora,82,1,NA,1.04,1,NA,3.42,1,NA,1.15,2,120,1,1,1,1,1,0,1,1,0,2,0,0,0,0,1,1,0,0,0,0,0,1,0,0,0,0,0,1881,(as Montipora hispida & M. expansa; Studer),2019,(Chow et al)
Montipora hoffmeisteri,Montipora,Montipora,NA,NA,NA,NA,NA,NA,NA,NA,NA,0.95,2,NA,NA,1,1,1,1,0,1,0,0,0,0,0,0,0,1,1,0,0,0,0,0,0,0,0,0,0,1,1985,"(ZRC, 19850722)",2018,(Wong et al)
Montipora informis,Montipora,Montipora,NA,NA,NA,0.77,1,NA,NA,NA,NA,1.25,2,120,1,1,1,1,1,0,1,0,1,0,0,0,0,0,1,1,0,0,0,0,1,0,0,0,0,0,0,1954,"(ZRC, 195407)",2019,(Chow et al)
Montipora millepora,Montipora,Montipora,NA,NA,NA,NA,NA,NA,NA,NA,NA,0.55,2,NA,NA,1,1,NA,1,0,1,0,1,0,0,0,0,0,1,1,0,0,0,0,0,0,0,0,0,0,1,1992,"(ZRC, 199204)",,#VALUE!
Montipora mollis,Montipora,Montipora,NA,NA,NA,NA,NA,NA,NA,NA,NA,0.75,2,80,1,1,1,1,1,0,1,0,1,1,0,0,0,0,1,1,0,0,0,0,1,0,0,0,0,0,0,1985,"(ZRC, 19850701)",2019,(Chow et al)
Montipora monasteriata,Montipora,Montipora,NA,NA,NA,NA,NA,NA,NA,NA,NA,0.9,2,100,1,1,1,1,1,0,1,1,1,0,0,0,0,1,0,1,0,0,0,0,1,0,0,0,0,0,0,1881,(Studer),2020,(Ng et al)
Montipora peltiformis,Montipora,Montipora,NA,NA,NA,NA,NA,NA,NA,NA,NA,0.8,2,NA,NA,1,1,1,1,0,1,0,0,2,0,0,0,0,1,0,1,0,0,0,0,0,0,0,0,0,1,1985,"(ZRC, 19850805)",1985,"(ZRC, 19850805)"
Montipora samarensis,Montipora,Montipora,NA,NA,NA,NA,NA,NA,NA,NA,NA,0.6,2,25,1,1,1,1,1,1,0,0,0,0,0,0,0,0,1,0,0,1,0,0,0,0,0,0,0,0,1,2019,(REST Survey),2020,(REL Collections)
Montipora spongodes,Montipora,Montipora,NA,NA,NA,NA,NA,NA,NA,NA,NA,1.05,2,15,1,1,1,NA,1,0,1,1,0,1,0,0,0,0,1,1,0,0,0,0,0,0,0,0,0,0,1,1986,"(ZRC, 19850719)",2009,(Huang et al)
Montipora spumosa,Montipora,Montipora,NA,NA,NA,NA,NA,NA,NA,NA,NA,0.8,2,NA,NA,1,1,1,1,0,1,1,0,1,0,0,0,0,1,1,0,0,0,0,0,0,0,0,0,0,1,1986,"(ZRC, 19860418)",2009,(Huang et al)
Montipora stellata,Montipora,Montipora,NA,NA,NA,1.14,1,NA,NA,NA,NA,0.75,2,200,1,1,1,1,1,0,0,1,0,1,0,0,0,0,1,1,0,0,0,0,1,0,0,0,0,0,0,1956,(as Montipora solanderi; Purchon),2020,(Ng et al)
Montipora tuberculosa,Montipora,Montipora,NA,NA,NA,NA,NA,NA,NA,NA,NA,0.8,2,NA,NA,1,1,1,1,0,0,1,1,0,0,0,0,0,1,1,0,0,0,0,0,1,0,0,0,0,0,1985,"(ZRC, 19850721)",2020,(Ng et al)
Montipora turgescens,Montipora,Montipora,NA,NA,NA,NA,NA,NA,NA,NA,NA,0.9,2,NA,NA,1,1,1,1,0,1,0,1,1,0,0,0,0,1,1,0,0,0,0,0,0,0,0,0,0,1,1985,"(ZRC, 19850510)",2021,(Lee et al)
Montipora undata,Montipora,Montipora,26,1,NA,NA,NA,NA,NA,NA,NA,1,2,70,1,1,1,NA,1,0,1,1,0,1,0,0,0,0,1,0,1,0,0,0,0,0,1,0,0,0,0,1985,"(ZRC, 19850802)",2019,(Chow et al)
Montipora venosa,Montipora,Montipora,NA,NA,NA,NA,NA,NA,NA,NA,NA,1.5,2,NA,NA,1,1,1,1,0,0,0,1,0,0,1,0,0,0,0,1,0,0,0,0,0,0,0,0,0,1,1995,(Loo & Chou),,#VALUE!
Montipora verrucosa,Montipora,Montipora,27.65115385,13,11.40614505,1.02,1,NA,2.82,1,NA,1.1,2,40,1,1,1,1,1,0,0,1,0,2,0,0,0,1,0,1,0,0,0,0,1,0,0,0,0,0,0,1992,"(ZRC, 199203)",2018,(Wong et al)
Mycedium elephantotus,Mycedium,Mycedium,NA,NA,NA,1.54,1,NA,NA,NA,NA,8.75,2,300,1,1,1,1,0,0,1,1,0,0,0,0,0,1,0,1,0,0,0,0,1,0,0,0,0,0,0,1956,(as Mycedium tubifex; Purchon),2020,(Kikuzawa et al)
Oulastrea crispata,Oulastrea,Oulastrea,12.5,1,NA,NA,NA,NA,NA,NA,NA,4.55,2,NA,NA,1,1,1,0,0,1,0,0,0,0,0,0,0,1,1,0,0,0,0,1,0,0,0,0,0,0,1956,(Purchon),2021,(Lee et al)
Oulophyllia bennettae,Oulophyllia,Oulophyllia,6.2,1,NA,0.93,1,NA,0.58,1,NA,15.1,2,50,1,1,1,1,0,0,0,0,1,0,0,0,0,0,1,0,1,0,0,0,0,0,0,0,0,0,1,2005,(Guest et al (b)),2020,(Kikuzawa et al)
Oulophyllia crispa,Oulophyllia,Oulophyllia,21,2,1.414213562,0.92,1,NA,1.93,1,NA,9.3,2,150,3,1,1,1,0,0,1,0,1,0,0,1,0,0,0,0,1,0,0,0,1,0,0,0,0,0,0,1995,(as Oulophyllia crispata; Loo & Chou),2017,(BioBlitz_SIMP2017)
Oxypora crassispinosa,Oxypora,Oxypora,NA,NA,NA,NA,NA,NA,NA,NA,NA,7.5,2,NA,NA,1,1,NA,0,0,1,1,0,0,0,0,0,0,1,1,0,0,0,0,0,0,0,0,0,0,1,1995,(as Oxypora crassispinosa; Loo & Chou),1995,(as Oxypora crassispinosa; Loo & Chou)
Oxypora echinata,Oxypora,Oxypora,NA,NA,NA,NA,NA,NA,NA,NA,NA,12.45,2,NA,NA,1,1,NA,0,0,1,1,0,0,0,0,0,0,1,1,0,0,0,0,1,0,0,0,0,0,0,1995,(Loo & Chou),2018,(Wong et al)
Oxypora lacera,Oxypora,Oxypora,30,1,NA,1.61,1,NA,4.83,1,NA,7.45,2,150,1,1,1,1,0,0,1,1,0,0,0,0,0,0,1,1,0,0,0,0,0,1,0,0,0,0,0,1878,(BrÃ¼ggemann),2020,(Kikuzawa et al)
Pachyseris rugosa,Pachyseris,Pachyseris,NA,NA,NA,1.34,1,NA,NA,NA,NA,3.5,2,1000,3,1,1,0,0,0,0,1,0,0,0,0,0,1,0,0,0,1,0,0,1,0,0,0,0,0,0,1881,(as Pachyseris valenciennesii; Studer),2020,(Kikuzawa et al)
Pachyseris speciosa,Pachyseris,Pachyseris,31.7,2,NA,1.38,1,NA,4.38,1,NA,3.5,2,200,1,1,1,0,0,0,1,1,0,0,0,0,0,1,0,1,0,0,0,0,1,0,0,0,0,0,0,1881,(as Pachyseris speciosa & P. levicollis; Studer),2021,(Lee et al)
Paragoniastrea australensis,Paragoniastrea,Goniastrea,3.766666667,3,1.588500341,NA,NA,NA,NA,NA,NA,9.25,2,70,1,1,1,1,NA,0,1,0,0,1,0,1,0,0,0,1,0,0,0,0,1,0,0,0,0,0,0,1956,(as Goniastrea benhami; Purchon),2021,(Lee et al)
Paragoniastrea russelli,Paragoniastrea,Favites,NA,NA,NA,NA,NA,NA,NA,NA,NA,11,2,NA,NA,1,1,1,NA,0,1,0,0,1,0,0,0,0,1,0,1,0,0,0,0,0,0,0,0,0,1,1995,(as Favites russelli; Loo & Chou),2017,(REL Collections)
Pavona cactus,Pavona,Pavona,28.4,4,8.689719501,1.83,1,NA,5.2,1,NA,1.2,2,1000,1,1,1,0,0,0,0,1,0,1,0,0,0,0,1,0,0,1,0,0,0,0,1,0,0,0,0,1878,(as Leptoseris venusta; BrÃ¼ggemann),2020,(Kikuzawa et al)
Pavona clavus,Pavona,Pavona,15.9,33,4.870639622,1.665,4,0.172530191,2.37,1,NA,2.55,2,2000,1,1,1,0,0,0,0,1,0,1,0,1,0,0,0,1,0,0,0,0,0,0,0,0,0,0,1,1995,(Loo & Chou),1995,(Loo & Chou)
Pavona decussata,Pavona,Pavona,17.6,1,NA,1.67,1,NA,2.94,1,NA,2.7,2,100,2,1,1,NA,0,0,0,1,0,2,0,0,0,1,0,0,0,1,0,0,0,1,0,0,0,0,0,1881,(as Pavonia crassa; Studer),2021,(Lee et al)
Pavona explanulata,Pavona,Pavona,5.3,1,NA,1.64,1,NA,0.87,1,NA,2.65,2,180,1,1,1,NA,0,0,1,1,0,2,0,0,0,0,1,1,0,0,0,0,1,0,0,0,0,0,0,1985,"(ZRC, 19850812)",2020,(Kikuzawa et al)
Pavona frondifera,Pavona,Pavona,28,1,NA,1.62,1,NA,4.53,1,NA,2.05,2,100,1,1,1,NA,0,0,0,1,0,1,0,0,0,0,1,1,0,0,0,0,1,0,0,0,0,0,0,1881,(as Pavonia frondifera; Studer),2020,(Kikuzawa et al)
Pavona varians,Pavona,Pavona,3.8,4,0.852447457,1.965,2,0.007071068,0.75,1,NA,7,2,30,1,1,1,0,0,0,1,1,0,1,0,1,0,0,0,1,0,0,0,0,0,0,1,0,0,0,0,1995,(Loo & Chou),2019,(Chow et al)
Pectinia alcicornis,Pectinia,Pectinia,NA,NA,NA,NA,NA,NA,NA,NA,NA,20,2,40,1,1,1,1,0,0,1,1,0,1,0,0,0,0,1,0,0,1,0,0,0,1,0,0,0,0,0,1986,"(ZRC, 19860429)",2020,(Kikuzawa et al)
Pectinia crassa,Pectinia,Pectinia,NA,NA,NA,0.89,1,NA,NA,NA,NA,NA,NA,80,1,1,1,NA,0,0,0,1,0,0,0,0,0,0,1,0,0,0,0,1,1,0,0,0,0,0,0,2017,(BioBlitz_SIMP2017),2020,(Kikuzawa et al)
Pectinia lactuca,Pectinia,Pectinia,NA,NA,NA,1.25,1,NA,NA,NA,NA,28.75,2,100,2,1,1,1,0,0,1,1,0,1,0,0,0,0,1,0,0,1,0,0,0,1,0,0,0,0,0,1881,(as Tridacophyllia lactuca & T. symphylloides; Studer),2020,(Kikuzawa et al)
Pectinia paeonia,Pectinia,Pectinia,NA,NA,NA,1.33,1,NA,NA,NA,NA,32.5,2,100,1,1,1,1,0,0,0,1,0,0,0,0,0,0,1,0,1,0,0,0,1,0,0,0,0,0,0,1881,(as Tridacophyllia laciniata; Studer),2021,(Lee et al)
Physogyra lichtensteini,Physogyra,Physogyra,NA,NA,NA,NA,NA,NA,NA,NA,NA,13,2,100,1,1,1,NA,0,0,1,0,1,0,0,1,0,0,0,0,0,1,0,0,0,0,1,0,0,0,0,1986,"(ZRC, 19860418)",2018,(Wong et al)
Physophyllia ayleni,Physophyllia,Pectinia,NA,NA,NA,NA,NA,NA,NA,NA,NA,13,2,NA,NA,1,1,NA,0,0,1,1,0,0,0,0,0,0,1,0,1,0,0,0,0,0,0,0,0,0,1,2009,(as Pectinia ayleni; Huang et al 2009),2019,(Chow et al)
Platygyra daedalea,Platygyra,Platygyra,22,1,NA,NA,NA,NA,NA,NA,NA,7.9,2,90,1,1,1,1,0,0,1,0,1,0,0,1,0,0,0,1,0,0,0,0,1,0,0,0,0,0,0,1881,(as Coeloria daedalea; Studer),2021,(Lee et al)
Platygyra lamellina,Platygyra,Platygyra,7.4,1,NA,1.05,1,NA,0.78,1,NA,8.6,2,80,1,1,1,1,0,0,1,0,1,0,0,1,0,0,0,0,1,0,0,0,0,0,1,0,0,0,0,1956,(Purchon),2020,(Kikuzawa et al)
Platygyra pini,Platygyra,Platygyra,NA,NA,NA,0.96,1,NA,NA,NA,NA,5.95,2,60,1,1,1,1,0,0,1,0,1,0,0,0,0,0,1,1,0,0,0,0,1,0,0,0,0,0,0,1995,(Loo & Chou),2021,(Lee et al)
Platygyra ryukyuensis,Platygyra,Platygyra,NA,NA,NA,NA,NA,NA,NA,NA,NA,2.45,2,NA,NA,1,1,1,0,0,0,0,1,0,0,0,0,0,1,0,1,0,0,0,0,0,0,0,0,0,1,2005,(Guest et al (b)),2009,(Huang et al)
Platygyra sinensis,Platygyra,Platygyra,12.3,4,3.066485502,0.99,1,NA,1.22,1,NA,5,2,100,1,1,1,1,0,0,1,0,1,0,0,1,0,0,0,1,0,0,0,0,1,0,0,0,0,0,0,1881,(as Coeloria stricta & C. sinensis; Studer),2021,(Lee et al)
Platygyra verweyi,Platygyra,Platygyra,NA,NA,NA,NA,NA,NA,NA,NA,NA,3.75,2,40,1,1,1,1,0,0,0,0,1,0,0,0,0,0,1,0,1,0,0,0,0,1,0,0,0,0,0,1995,(Loo & Chou),2021,(Lee et al)
Plerogyra sinuosa,Plerogyra,Plerogyra,NA,NA,NA,0.96,1,NA,NA,NA,NA,22.5,2,120,2,1,1,0,0,0,0,0,1,0,0,1,0,0,0,0,1,0,0,0,0,0,1,0,0,0,0,1881,(as Plerogyra laxa; Studer),2020,(Kikuzawa et al)
Plesiastrea versipora,Plesiastrea,Plesiastrea,4.1375,8,2.529786835,1.08,1,NA,0.45,1,NA,3.75,2,300,3,1,1,0,0,0,0,0,1,0,0,1,0,0,0,1,0,0,0,0,0,0,0,0,0,0,1,2017,(BioBlitz_SIMP2017),2020,(Quek et al)
Pleuractis granulosa,Pleuractis,Fungia,5.725658915,129,3.269147405,NA,NA,NA,NA,NA,NA,120,1,13.5,3,0,1,0,0,0,0,0,1,0,0,1,0,0,0,1,0,0,0,0,0,0,0,0,0,0,1,1986,91 (consolidated by Hoeksema & Koh 2009),1986,91 (consolidated by Hoeksema & Koh 2009)
Pleuractis moluccensis,Pleuractis,Fungia,NA,NA,NA,NA,NA,NA,NA,NA,NA,160,1,17,1,0,1,NA,0,0,1,0,1,0,0,0,0,0,1,1,0,0,0,0,0,1,0,0,0,0,0,1860, (record consolidated by Hoeksema & Koh 2009),2020,(Prasetia et al)
Pleuractis paumotensis,Pleuractis,Fungia,NA,NA,NA,NA,NA,NA,NA,NA,NA,235,1,25,3,0,1,0,0,0,0,0,1,0,0,0,0,0,1,1,0,0,0,0,0,1,0,0,0,0,0,1860, (record consolidated by Hoeksema & Koh 2009),2020,(Prasetia et al)
Pocillopora acuta,Pocillopora,Pocillopora,51.1,49,20.53383413,1.9683,4,0.180092569,5.38,1,NA,0.9,2,200,1,1,0,1,1,1,0,0,0,0,0,0,1,0,0,1,0,0,0,0,1,0,0,0,0,0,0,1881,(as Pocillopora damicornis and P. bulbosa; Studer),2021,(Lee et al)
Pocillopora cf. verrucosa,Pocillopora,Pocillopora,51.1,49,20.53383413,1.9683,4,0.180092569,5.38,1,NA,0.9,2,200,1,1,1,1,1,1,0,0,0,0,0,0,1,0,0,1,0,0,0,0,0,0,0,0,0,0,1,Stud,er 1881,2009,(Lee & Sin)
Podabacia crustacea,Podabacia,Podabacia,14.8,2,NA,1.52,1,NA,2.26,1,NA,2.45,2,150,2,1,NA,0,NA,0,1,1,0,0,0,0,0,0,1,1,0,0,0,0,1,0,0,0,0,0,0,1860, (record consolidated by Hoeksema & Koh 2009),2021,(Lee et al)
Podabacia kunzmanni,Podabacia,Podabacia,NA,NA,NA,NA,NA,NA,NA,NA,NA,NA,NA,NA,NA,1,NA,NA,NA,0,1,1,0,0,0,0,0,0,1,0,0,0,0,1,0,0,0,0,0,0,1,2009,(Hoeksema),2009,(Hoeksema)
Podabacia motuporensis,Podabacia,Podabacia,NA,NA,NA,NA,NA,NA,NA,NA,NA,2.55,2,10,1,1,NA,NA,NA,0,1,1,0,0,0,0,0,0,1,0,1,0,0,0,0,0,0,0,0,0,1,1986,91 (consolidated by Hoeksema & Koh 2009),2018,(Wong et al)
Polyphyllia talpina,Polyphyllia,Polyphyllia,NA,NA,NA,NA,NA,NA,NA,NA,NA,NA,NA,26.5,1,1,1,0,0,0,0,0,1,0,0,0,0,0,1,1,0,0,0,0,0,0,1,0,0,0,0,1860, (record consolidated by Hoeksema & Koh 2009),2020,(Prasetia et al)
Porites australiensis,Porites,Porites,12.46153846,13,4.556229885,1.325,1,NA,1.65,1,NA,1.233333333,3,50,1,1,1,NA,1,0,0,0,1,0,0,1,0,0,0,1,0,0,0,0,1,0,0,0,0,0,0,1986,(REST Survey),2020,(Ng et al)
Porites cylindrica,Porites,Porites,18.35766667,6,8.987622459,1.42,2,0.056568542,0.74,2,NA,0.95,2,1000,1,1,1,0,1,1,1,0,0,0,0,0,1,0,0,0,1,0,0,0,0,0,1,0,0,0,0,1986,"(ZRC, 19860418)",2020,(Kikuzawa et al)
Porites deformis,Porites,Porites,NA,NA,NA,1,1,NA,NA,NA,NA,1.4,2,40,1,1,NA,NA,NA,0,0,0,0,1,0,0,0,0,1,0,1,0,0,0,0,0,0,0,0,0,1,2009,(Huang et al),2020,(Ng et al)
Porites lichen,Porites,Porites,16.3,1,NA,NA,NA,NA,NA,NA,NA,1.35,2,NA,NA,1,0,1,NA,0,0,1,0,1,0,0,0,0,1,1,0,0,0,0,0,0,0,0,0,0,1,1985,"(ZRC, 19850614)",2009,(Huang et al)
Porites lobata,Porites,Porites,9.847502783,77,4.678576448,1.2225,47,0.129351538,0.891,6,0.56348913,1,2,685,2,1,1,0,1,0,0,0,1,0,0,1,0,0,0,0,1,0,0,0,1,0,0,0,0,0,0,1977,(Chuang),2021,(Lee et al)
Porites lutea,Porites,Porites,17.6,73,6.031795803,1.1732,43,0.200490277,1.9727,23,0.584019682,1.1,3,400,1,1,1,0,1,0,0,0,1,0,0,1,0,0,0,1,0,0,0,0,1,0,0,0,0,0,0,1956,(Purchon),2021,(Moynihan et al)
Porites monticulosa,Porites,Porites,NA,NA,NA,NA,NA,NA,NA,NA,NA,1.05,2,100,1,1,NA,NA,NA,1,2,1,1,0,0,0,0,0,1,1,0,0,0,0,0,0,0,0,0,0,1,2009,(Huang et al),2019,(Chow et al)
Porites murrayensis,Porites,Porites,NA,NA,NA,NA,NA,NA,NA,NA,NA,0.85,2,20,2,1,0,0,1,0,0,0,1,0,0,0,0,0,1,0,1,0,0,0,0,0,0,0,0,0,1,1995,(Loo & Chou),1995,(Loo & Chou)
Porites nigrescens,Porites,Porites,17.8,1,NA,NA,NA,NA,NA,NA,NA,1.5,2,NA,NA,1,NA,NA,NA,1,1,0,0,0,0,0,0,0,1,0,0,1,0,0,0,0,0,0,0,0,1,1878,(as Porites saccharata; BrÃ¼ggemann),1995,(Loo & Chou)
Porites rus,Porites,Porites,14.9,4,9.924087061,1.03,1,NA,0.61,1,NA,0.7,2,500,2,1,1,0,1,0,1,1,0,2,0,0,1,0,0,1,0,0,0,0,0,1,0,0,0,0,0,1956,(as Porites convexa; Purchon),2021,(Lee et al)
Porites solida,Porites,Porites,13.46,5,5.167978328,1.194,1,NA,1.61,1,NA,1.45,2,NA,NA,1,1,0,1,0,0,0,1,0,0,0,0,0,1,1,0,0,0,0,0,0,0,0,0,0,1,1977,(Chuang),1995,(Loo & Chou)
Porites stephensoni,Porites,Porites,NA,NA,NA,NA,NA,NA,NA,NA,NA,1.1,2,10,3,1,0,NA,1,0,1,0,1,1,0,0,0,0,1,0,1,0,0,0,0,0,0,0,0,0,1,1986,"(ZRC, 19860429)",1995,(Loo & Chou)
Porites vaughani,Porites,Porites,NA,NA,NA,NA,NA,NA,NA,NA,NA,0.7,2,20,1,1,NA,NA,NA,0,1,1,0,1,0,0,0,0,1,1,0,0,0,0,0,0,0,0,0,0,1,1995,(Loo & Chou),1995,(Loo & Chou)
Psammocora contigua,Psammocora,Psammocora,25.9,2,NA,1.51,1,NA,3.92,1,NA,1.3,2,50,1,1,1,0,0,0,0,0,0,2,0,0,0,0,1,0,1,0,0,0,0,1,0,0,0,0,0,1881,(Studer),2020,(Lim et al)
Psammocora haimiana,Psammocora,Psammocora,29.5,2,0.707106781,1.39,1,NA,4.1,1,NA,3.15,2,150,1,1,1,NA,0,0,0,0,0,1,0,0,0,0,1,1,0,0,0,0,1,0,0,0,0,0,0,1956,(as Psammocora togianensis; Purchon),2020,(Kikuzawa et al)
Psammocora nierstraszi,Psammocora,Psammocora,3.566666667,3,2.294195574,NA,NA,NA,NA,NA,NA,1.55,2,30,1,1,1,NA,0,0,1,0,0,1,0,0,0,1,0,1,0,0,0,0,0,0,1,0,0,0,0,1988,(REST Survey),2020,(Lim et al)
Psammocora profundacella,Psammocora,Psammocora,NA,NA,NA,NA,NA,NA,NA,NA,NA,2.15,2,NA,NA,1,1,NA,0,0,0,1,0,1,0,0,0,0,1,1,0,0,0,0,0,0,0,0,0,0,1,1995,(as Psammocora superficialis; Loo & Chou),2020,(Kikuzawa et al)
Pseudosiderastrea tayamai,Pseudosiderastrea,Pseudosiderastrea,NA,NA,NA,NA,NA,NA,NA,NA,NA,3.75,2,16,3,1,1,NA,0,0,1,0,1,0,0,0,0,0,1,0,1,0,0,0,1,0,0,0,0,0,0,1956,(Purchon),2021,(Lee et al)
Scapophyllia cylindrica,Scapophyllia,Scapophyllia,NA,NA,NA,NA,NA,NA,NA,NA,NA,3.35,2,NA,NA,1,1,1,NA,0,1,0,0,1,0,0,0,0,1,1,0,0,0,0,0,0,1,0,0,0,0,1956,(Purchon),2019,(Leveque et al)
Seriatopora hystrix,Seriatopora,Seriatopora,32.7,4,16.83389438,2.2,1,NA,2.88,1,NA,0.7,2,NA,NA,1,0,1,1,1,0,0,0,0,0,0,1,0,0,1,0,0,0,0,0,0,0,0,0,1,0,1956,(Purchon),1961,(Chuang) 
Stylocoeniella armata,Stylocoeniella,Stylocoeniella,NA,NA,NA,NA,NA,NA,NA,NA,NA,1.8,2,NA,NA,1,0,NA,1,0,1,0,0,0,0,0,0,0,1,1,0,0,0,0,0,0,0,0,0,0,1,1985,"(ZRC, 19850729)",2020,(Ng et al)
Stylophora pistillata,Stylophora,Stylophora,20.92157326,24,8.196848337,1.7031045,25,0.234457009,1.43,1,NA,1.15,2,NA,NA,1,0,1,1,1,0,0,0,1,0,0,1,0,0,0,1,0,0,0,0,0,0,0,1,0,0,Stud,er 1881,2010,"(K Tun, as per comms)"
Trachyphyllia geoffroyi,Trachyphyllia,Trachyphyllia,NA,NA,NA,NA,NA,NA,NA,NA,NA,3.75,2,8,1,1,1,1,0,0,0,0,1,0,0,0,0,0,1,0,1,0,0,0,0,0,0,1,0,0,0,1881,(as Trachyphyllia armaranthus; Studer),2020,(Lim et al)
Tubastraea aurea,Tubastraea,Tubastraea,NA,NA,NA,NA,NA,NA,NA,NA,NA,NA,NA,NA,NA,1,0,0,NA,1,0,0,0,0,0,0,0,0,1,0,0,0,0,1,0,0,0,0,0,0,1,1956,(as Tubastrea aurea; Purchon),1995,(Loo & Chou)
Tubastraea coccinea,Tubastraea,Tubastraea,NA,NA,NA,NA,NA,NA,NA,NA,NA,NA,NA,NA,NA,1,0,0,NA,1,0,0,0,0,0,0,0,0,1,0,0,0,0,1,0,0,0,0,0,0,1,1881,(as Coenopsammia cocinnea; Studer),2017,(BioBlitz_SIMP2017)
Tubastraea diaphana,Tubastraea,Tubastraea,NA,NA,NA,NA,NA,NA,NA,NA,NA,NA,NA,NA,NA,1,0,NA,NA,1,0,0,0,0,0,0,0,0,1,0,0,0,0,1,1,0,0,0,0,0,0,1956,(as Tubastrea diaphana; Purchon),2020,(Lim et al)
Tubastraea micranthus,Tubastraea,Tubastraea,NA,NA,NA,NA,NA,NA,NA,NA,NA,NA,NA,NA,NA,1,NA,NA,NA,1,0,0,0,0,0,0,0,0,1,0,0,0,0,1,1,0,0,0,0,0,0,1881,(as Coenopsammia equiserialis; Studer),2017,(BioBlitz_SIMP2017)
Turbinaria frondens,Turbinaria,Turbinaria,14,1,NA,NA,NA,NA,NA,NA,NA,1,2,400,1,1,1,0,0,0,0,1,0,0,0,0,0,1,0,1,0,0,0,0,1,0,0,0,0,0,0,1995,(Loo & Chou),2020,(Kikuzawa et al)
Turbinaria irregularis,Turbinaria,Turbinaria,NA,NA,NA,NA,NA,NA,NA,NA,NA,1.8,2,NA,NA,1,1,NA,0,0,1,1,0,0,0,0,0,0,1,1,0,0,0,0,0,0,0,0,0,0,1,1985,"(ZRC, 19850819)",2020,(Lim et al)
Turbinaria mesenterina,Turbinaria,Turbinaria,19.28,1,NA,1.13,1,NA,2.19,1,NA,2.9,2,110,3,1,1,0,0,0,0,1,0,0,1,0,0,0,0,0,0,1,0,0,1,0,0,0,0,0,0,2009,(Huang et al),2021,(Lee et al)
Turbinaria radicalis,Turbinaria,Turbinaria,NA,NA,NA,NA,NA,NA,NA,NA,NA,2.25,2,100,1,1,1,NA,0,0,1,0,0,0,0,0,0,0,1,0,1,0,0,0,0,0,0,0,0,0,1,1995,(Loo & Chou),1995,(Loo & Chou)
Turbinaria reniformis,Turbinaria,Turbinaria,NA,NA,NA,NA,NA,NA,NA,NA,NA,3.5,2,500,1,1,1,0,0,0,0,1,0,0,0,0,0,0,1,0,0,1,0,0,0,1,0,0,0,0,0,1995,(Loo & Chou),2020,(Kikuzawa et al)
Turbinaria stellulata,Turbinaria,Turbinaria,17.5,1,NA,NA,NA,NA,NA,NA,NA,2.7,2,40,1,1,1,NA,0,0,1,0,1,0,0,0,0,0,1,0,0,1,0,0,0,0,0,0,0,0,1,1987,"(ZRC.1987.2174, Huang et al)",2020,(Kikuzawa et al)
