"","spp","modgen","pastgen","RDB3.status","First.known","Last.known","grow","n.grow","sd.grow","skel","n.skel","sd.skel","calc","n.calc","sd.calc","corwidth","n.corwidth","cmd","n.cmd","col","repmode","sex","symb","branching","encrusting","laminar","massive","submassive","lifehist","iucn"
"1","Acropora abrotanoides","Acropora","Acropora","DD","1992 (REST Survey)","1995 (Loo & Chou)",127.5,1,NA,NA,NA,NA,NA,NA,NA,0.95,2,NA,NA,"colonial","spawner","hermaphrodite",NA,1,0,0,0,0,NA,"LC"
"2","Acropora aculeus","Acropora","Acropora","DD","1985 (ZRC, 19850701)","2018 (Wong et al)",NA,NA,NA,NA,NA,NA,NA,NA,NA,0.9,2,40,2,"colonial","spawner","hermaphrodite",NA,1,0,0,0,0,NA,"VU"
"3","Acropora acuminata","Acropora","Acropora","VU","1986 (ZRC, 19860902)","2019 (Chow et al)",NA,NA,NA,NA,NA,NA,NA,NA,NA,0.9,2,200,3,"colonial",NA,NA,NA,1,0,0,0,0,NA,"VU"
"4","Acropora anthocercis","Acropora","Acropora","VU","1995 (Loo & Chou)","2019 (Chow et al)",NA,NA,NA,NA,NA,NA,NA,NA,NA,1.05,2,100,2,"colonial","spawner","hermaphrodite",NA,1,0,1,0,0,NA,"VU"
"5","Acropora aspera","Acropora","Acropora","EN","2009 (Huang et al)","2020 (Quek et al)",48.5226,40,14.0056643134676,0.92,1,NA,NA,NA,NA,1.4,2,NA,NA,"colonial","spawner","hermaphrodite",NA,1,0,0,0,0,"competitive","VU"
"6","Acropora austera","Acropora","Acropora","DD","1881 (as Madrepora austera; Studer)","2009 (Huang et al)",62.9,1,NA,1.44,1,NA,1.82,1,NA,1.05,2,NA,NA,"colonial",NA,NA,NA,1,0,0,0,0,NA,"NT"
"7","Acropora cerealis","Acropora","Acropora","DD","1881 (as Madrepora cerealis; Studer)","2009 (Huang et al)",42.9,4,20.5573993167099,NA,NA,NA,NA,NA,NA,0.55,2,50,2,"colonial","spawner","hermaphrodite",NA,2,0,0,0,0,"competitive","LC"
"8","Acropora chesterfieldensis","Acropora","Acropora","DD","1991 (ZRC, 19910600)","1995 (Loo & Chou)",NA,NA,NA,NA,NA,NA,NA,NA,NA,0.85,2,NA,NA,"colonial",NA,NA,NA,1,0,0,0,1,NA,"LC"
"9","Acropora cytherea","Acropora","Acropora","DD","1956 (as Acropora cf. corymbosa; Purchon)","2009 (Huang et al)",59.725,4,29.8844859417056,NA,NA,NA,NA,NA,NA,0.85,2,300,3,"colonial",NA,NA,NA,0,0,1,0,0,"competitive","LC"
"10","Acropora dendrum","Acropora","Acropora","DD","1986 (ZRC, 19860909)","1989 (Goh et al)",NA,NA,NA,NA,NA,NA,NA,NA,NA,0.85,2,100,3,"colonial","spawner",NA,NA,1,0,0,0,0,NA,"VU"
"11","Acropora digitifera","Acropora","Acropora","EN","2005 (Guest et al (a))","2012 (Ng et al)",37.6,1,NA,1.52,1,NA,2.29,1,NA,1.1,2,100,1,"colonial","spawner","hermaphrodite",NA,0,0,1,0,1,NA,"NT"
"12","Acropora divaricata","Acropora","Acropora","DD","1881 (as Madrepora tenuispicata; Studer)","1985 (ZRC, 19850802)",41.5,1,NA,NA,NA,NA,NA,NA,NA,0.9,2,NA,NA,"colonial","spawner","hermaphrodite",NA,0,0,1,0,0,"competitive","NT"
"13","Acropora donei","Acropora","Acropora","DD","1986 (ZRC, 19860829)","2009 (Huang et al)",NA,NA,NA,NA,NA,NA,NA,NA,NA,1.1,2,300,3,"colonial","spawner","hermaphrodite",NA,1,0,0,0,0,NA,"VU"
"14","Acropora elseyi","Acropora","Acropora","DD","1995 (Loo & Chou)","1995 (Loo & Chou)",135.05,2,61.9425540319416,NA,NA,NA,NA,NA,NA,0.75,2,50,2,"colonial","spawner","hermaphrodite","no",1,0,0,0,0,"competitive","LC"
"15","Acropora florida","Acropora","Acropora","DD","1881 (as Madrepora gravida; Studer)","2009 (Huang et al)",NA,NA,NA,NA,NA,NA,NA,NA,NA,1.05,2,1500,1,"colonial","spawner","hermaphrodite",NA,1,0,0,0,0,"competitive","NT"
"16","Acropora glauca","Acropora","Acropora","DD","2009 (Huang et al)","2009 (Huang et al)",NA,NA,NA,1.46,1,NA,NA,NA,NA,1.1,2,NA,NA,"colonial","spawner","hermaphrodite","no",0,0,1,0,0,"competitive","NT"
"17","Acropora grandis","Acropora","Acropora","DD","1995 (Loo & Chou)","2009 (Huang et al)",NA,NA,NA,NA,NA,NA,NA,NA,NA,1.25,2,700,4,"colonial","spawner","hermaphrodite",NA,1,0,0,0,0,"competitive","LC"
"18","Acropora granulosa","Acropora","Acropora","DD","2005 (Guest et al (a))","2009 (Huang et al)",7.16,3,1.81471760888575,NA,NA,NA,NA,NA,NA,0.65,2,100,4,"colonial","spawner","hermaphrodite",NA,0,0,1,0,0,"competitive","NT"
"19","Acropora horrida","Acropora","Acropora","DD","1995 (Loo & Chou)","1995 (Loo & Chou)",NA,NA,NA,0.86,1,NA,NA,NA,NA,1.05,2,200,2,"colonial","spawner","hermaphrodite",NA,1,0,0,0,0,"competitive","VU"
"20","Acropora humilis","Acropora","Acropora","DD","2005 (Guest et al (a))","2009 (Huang et al)",20.2166666666667,6,5.5108680501956,1.44538461538462,13,0.222696182597704,NA,NA,NA,1.4,2,NA,NA,"colonial","spawner","hermaphrodite",NA,0,0,0,0,1,"competitive","NT"
"21","Acropora hyacinthus","Acropora","Acropora","DD","1881 (as Madrepora surculosa; Studer)","2019 (Chow et al)",80.6333333333333,3,32.7471118319362,1.28,1,NA,NA,NA,NA,0.75,2,300,3,"colonial","spawner","hermaphrodite",NA,0,0,1,0,0,"competitive","NT"
"22","Acropora intermedia","Acropora","Acropora","DD","2002 (Guest et al)","2009 (Huang et al)",NA,NA,NA,NA,NA,NA,NA,NA,NA,1.15,2,500,1,"colonial","spawner","hermaphrodite","no",1,0,0,0,0,"competitive","LC"
"23","Acropora latistella","Acropora","Acropora","DD","1986 (ZRC, 19860829)","2009 (Huang et al)",NA,NA,NA,NA,NA,NA,NA,NA,NA,0.75,2,NA,NA,"colonial","spawner","hermaphrodite",NA,1,0,0,0,0,NA,"LC"
"24","Acropora longicyathus","Acropora","Acropora","DD","1881 (as Madrepora longecyathus; Studer)","1991 (Huang et al)",NA,NA,NA,1.27,1,NA,NA,NA,NA,0.9,2,NA,NA,"colonial","spawner","hermaphrodite",NA,2,0,0,0,0,"competitive","LC"
"25","Acropora loripes","Acropora","Acropora","DD","2005 (Guest et al (a))","2017 (Taira et al)",NA,NA,NA,NA,NA,NA,NA,NA,NA,0.85,2,50,2,"colonial","spawner","hermaphrodite",NA,2,0,1,0,0,"competitive","NT"
"26","Acropora lutkeni","Acropora","Acropora","DD","1995 (Loo & Chou)","1995 (Loo & Chou)",NA,NA,NA,NA,NA,NA,NA,NA,NA,0.9,2,600,1,"colonial","spawner","hermaphrodite",NA,1,0,0,0,0,"competitive","NT"
"27","Acropora microclados","Acropora","Acropora","DD","1881 (as Madrepora microclados; Studer)","2009 (Huang et al)",NA,NA,NA,NA,NA,NA,NA,NA,NA,0.9,2,100,1,"colonial","spawner","hermaphrodite",NA,1,0,0,0,0,"competitive","VU"
"28","Acropora microphthalma","Acropora","Acropora","LC","1985 (ZRC, 19850614)","2018 (Wong et al)",NA,NA,NA,NA,NA,NA,NA,NA,NA,0.8,2,200,1,"colonial","spawner","hermaphrodite",NA,1,0,0,0,0,"competitive","LC"
"29","Acropora millepora","Acropora","Acropora","EN","1881 (as Madrepora convexa & M.millepora; Studer)","2021 (Lee et al)",NA,NA,NA,NA,NA,NA,NA,NA,NA,1,2,NA,NA,"colonial","spawner","hermaphrodite",NA,1,0,0,0,0,"competitive","NT"
"30","Acropora muricata","Acropora","Acropora","LC","1881 (as Madrepora brachiata; Studer)","2017 (REL collections)",89.4705882352941,17,39.0075301176882,1.7125,4,0.635209939049025,1.71,1,NA,1,2,1000,2,"colonial","spawner","hermaphrodite",NA,1,0,0,0,0,"competitive","NT"
"31","Acropora nana","Acropora","Acropora","DD","1995 (Loo & Chou)","1995 (Loo & Chou)",NA,NA,NA,NA,NA,NA,NA,NA,NA,0.75,2,15,2,"colonial","spawner","hermaphrodite",NA,1,0,0,0,0,NA,"NT"
"32","Acropora nasuta","Acropora","Acropora","EN","1986 (ZRC, 19860826)","2009 (Huang et al)",41.9,5,14.8786760163665,1.4,1,NA,2.96,1,NA,0.8,2,80,1,"colonial","spawner","hermaphrodite",NA,1,0,0,0,0,NA,"NT"
"33","Acropora palmerae","Acropora","Acropora","DD","1995 (Loo & Chou)","1995 (Loo & Chou)",NA,NA,NA,NA,NA,NA,NA,NA,NA,1.1,2,200,5,"colonial","spawner","hermaphrodite",NA,1,1,0,0,0,NA,"VU"
"34","Acropora polystoma","Acropora","Acropora","DD","1987 (ZRC.1987.1512, Huang et al)","1987 (ZRC.1987.1512, Huang et al)",NA,NA,NA,NA,NA,NA,NA,NA,NA,1.15,2,80,2,"colonial","spawner","hermaphrodite",NA,2,0,0,0,0,"competitive","VU"
"35","Acropora pulchra","Acropora","Acropora","DD","1985 (ZRC, 19850726)","1985 (ZRC, 19850726)",130.9,4,81.0499023236097,1.9,1,NA,NA,NA,NA,0.9,2,500,1,"colonial","spawner","hermaphrodite",NA,1,0,0,0,0,"competitive","LC"
"36","Acropora robusta","Acropora","Acropora","DD","1881 (as Madrepora nobilis; Studer)","1995 (Loo & Chou)",22.4,1,NA,NA,NA,NA,NA,NA,NA,1,2,NA,NA,"colonial","spawner","hermaphrodite",NA,1,0,0,0,0,"competitive","LC"
"37","Acropora samoensis","Acropora","Acropora","DD","2005 (Guest et al (a))","2009 (Huang et al)",NA,NA,NA,NA,NA,NA,NA,NA,NA,1.3,2,100,1,"colonial","spawner","hermaphrodite",NA,2,0,0,0,1,"competitive","LC"
"38","Acropora secale","Acropora","Acropora","DD","1881 (as Madrepora secale; Studer)","2017 (BioBlitz_SIMP2017)",NA,NA,NA,NA,NA,NA,NA,NA,NA,0.75,2,100,1,"colonial","spawner","hermaphrodite",NA,1,0,0,0,0,"competitive","NT"
"39","Acropora selago","Acropora","Acropora","DD","1986 (ZRC, 19860909)","2009 (Huang et al)",NA,NA,NA,NA,NA,NA,NA,NA,NA,0.7,2,75,1,"colonial","spawner","hermaphrodite",NA,1,0,0,0,0,NA,"NT"
"40","Acropora solitaryensis","Acropora","Acropora","DD","2009 (Huang et al)","2009 (Huang et al)",16.7,1,NA,1.45,1,NA,NA,NA,NA,0.8,2,300,5,"colonial","spawner","hermaphrodite",NA,0,0,1,0,0,"competitive","VU"
"41","Acropora spicifera","Acropora","Acropora","EN","1881 (as Madrepora spicifera; Studer)","2019 (Chow et al)",111,3,10.9233694435371,NA,NA,NA,NA,NA,NA,0.8,2,NA,NA,"colonial","spawner","hermaphrodite",NA,0,0,1,0,0,NA,"VU"
"42","Acropora subglabra","Acropora","Acropora","EN","2009 (Huang et al)","2019 (Chow et al)",NA,NA,NA,NA,NA,NA,NA,NA,NA,0.55,2,NA,NA,"colonial",NA,"hermaphrodite",NA,1,0,0,0,0,NA,"LC"
"43","Acropora subulata","Acropora","Acropora","DD","1986 (ZRC, 19860819)","1989 (Goh et al)",NA,NA,NA,NA,NA,NA,NA,NA,NA,1,2,300,4,"colonial","spawner","hermaphrodite",NA,0,0,1,0,0,"competitive","LC"
"44","Acropora tenuis","Acropora","Acropora","DD","1986 (ZRC, 19860812)","2005 (Guest et al (a))",NA,NA,NA,NA,NA,NA,NA,NA,NA,1,2,NA,NA,"colonial","spawner","hermaphrodite",NA,1,0,0,0,0,"competitive","NT"
"45","Acropora valenciennesi","Acropora","Acropora","DD","2009 (Huang et al)","2009 (Huang et al)",179.333333333333,6,103.585069709233,NA,NA,NA,NA,NA,NA,1.15,2,400,3,"colonial","spawner","hermaphrodite",NA,1,0,0,0,0,"competitive","LC"
"46","Acropora valida","Acropora","Acropora","LC","1956 (as Acropora variabilis; Purchon)","2020 (Loo et al)",34.3,2,15.1320851173921,1.5,2,0.254558441227157,NA,NA,NA,0.7,2,50,2,"colonial","spawner","hermaphrodite",NA,2,0,1,0,0,"competitive","LC"
"47","Acropora verweyi","Acropora","Acropora","DD","1995 (Loo & Chou)","2009 (Huang et al)",NA,NA,NA,NA,NA,NA,NA,NA,NA,0.95,2,NA,NA,"colonial",NA,NA,NA,1,0,0,0,0,"competitive","VU"
"48","Acropora willisae","Acropora","Acropora","DD","1986 (ZRC, 19860826)","1986 (ZRC, 19860826)",NA,NA,NA,NA,NA,NA,NA,NA,NA,0.6,2,100,2,"colonial","spawner","hermaphrodite",NA,1,0,0,0,0,NA,"VU"
"49","Alveopora allingi","Alveopora","Alveopora","DD","1995 (Loo & Chou)","1995 (Loo & Chou)",NA,NA,NA,NA,NA,NA,NA,NA,NA,3.05,2,NA,NA,"colonial",NA,NA,NA,0,1,0,0,2,NA,"VU"
"50","Alveopora catalai","Alveopora","Alveopora","DD","1987 (ZRC.1987.1890, Huang et al)","1987 (ZRC.1987.1890, Huang et al)",NA,NA,NA,NA,NA,NA,NA,NA,NA,3.05,2,1000,3,"colonial",NA,NA,NA,1,0,0,0,0,NA,"NT"
"51","Alveopora excelsa","Alveopora","Alveopora","DD","1881 (Studer)","1961 (Chuang)",NA,NA,NA,NA,NA,NA,NA,NA,NA,1.85,2,200,1,"colonial",NA,NA,NA,0,0,0,0,1,NA,"EN"
"52","Alveopora fenestrata","Alveopora","Alveopora","DD","1881 (as Alveopora retusa; Studer)","1986 (ZRC, 19860400)",NA,NA,NA,NA,NA,NA,NA,NA,NA,2.9,2,NA,NA,"colonial","spawner",NA,NA,0,0,0,1,1,"stress-tolerant","VU"
"53","Alveopora marionensis","Alveopora","Alveopora","DD","1995 (Loo & Chou)","1995 (Loo & Chou)",NA,NA,NA,NA,NA,NA,NA,NA,NA,2.7,2,NA,NA,"colonial",NA,NA,NA,0,0,0,0,1,NA,"VU"
"54","Alveopora spongiosa","Alveopora","Alveopora","DD","2009 (Huang et al)","2018 (REL collections)",NA,NA,NA,NA,NA,NA,NA,NA,NA,1.1,2,200,2,"colonial",NA,NA,NA,0,1,0,0,2,NA,"NT"
"55","Alveopora tizardi","Alveopora","Alveopora","DD","2009 (Huang et al)","2017 (REL collections)",NA,NA,NA,NA,NA,NA,NA,NA,NA,1.45,2,NA,NA,"colonial","spawner",NA,NA,0,1,0,0,1,NA,"LC"
"56","Astreopora cucullata","Astreopora","Astreopora","DD","1986 (REST Survey)","2017 (REL collections)",NA,NA,NA,NA,NA,NA,NA,NA,NA,2.05,2,NA,NA,"colonial",NA,NA,NA,0,1,0,1,0,NA,"VU"
"57","Astreopora expansa","Astreopora","Astreopora","DD","1991 (ZRC.1991.692, Huang et al)","2020 (Quek et al)",NA,NA,NA,NA,NA,NA,NA,NA,NA,2.2,2,NA,NA,"colonial",NA,NA,NA,0,0,1,0,0,NA,"NT"
"58","Astreopora gracilis","Astreopora","Astreopora","NT","1988 (ZRC, 19881209)","2021 (Lee et al)",NA,NA,NA,NA,NA,NA,NA,NA,NA,1.5,2,NA,NA,"colonial","spawner","hermaphrodite",NA,0,0,0,1,0,NA,"LC"
"59","Astreopora incrustans","Astreopora","Astreopora","DD","1984 (ZRC, 19840410)","2017 (REL collections)",NA,NA,NA,NA,NA,NA,NA,NA,NA,0.8,2,100,1,"colonial",NA,NA,NA,0,1,1,0,1,NA,"VU"
"60","Astreopora listeri","Astreopora","Astreopora","NT","1986 (ZRC, 19860418)","2020 (Kikuzawa et al)",NA,NA,NA,NA,NA,NA,NA,NA,NA,1.45,2,NA,NA,"colonial","spawner","hermaphrodite",NA,0,1,0,1,0,NA,"LC"
"61","Astreopora myriophthalma","Astreopora","Astreopora","LC","1956 (as Astraeopora myriophthalma; Purchon)","2020 (Lim et al)",7.75,2,3.53553390593274,NA,NA,NA,NA,NA,NA,2.2,2,NA,NA,"colonial","spawner","hermaphrodite","no",0,0,0,1,0,"stress-tolerant","LC"
"62","Isopora brueggemanni","Isopora","Acropora","DD","1956 (as Acropora brueggemanni; Purchon)","1995 (Loo & Chou)",74.8,1,NA,NA,NA,NA,NA,NA,NA,1.3,2,NA,NA,"colonial","brooder","hermaphrodite",NA,1,0,0,0,0,NA,"VU"
"63","Isopora palifera","Isopora","Acropora","DD","1991 (ZRC.1991.596, Huang et al)","1991 (ZRC.1991.596, Huang et al)",NA,NA,NA,1.52,1,NA,NA,NA,NA,1.05,2,NA,NA,"colonial","brooder","hermaphrodite",NA,1,1,0,0,1,NA,"NT"
"64","Montipora aequituberculata","Montipora","Montipora","DD","1989 (ZRC, 19892301)","2019 (Chow et al)",NA,NA,NA,NA,NA,NA,NA,NA,NA,0.8,2,NA,NA,"colonial","spawner","hermaphrodite","yes",0,1,1,0,1,NA,"LC"
"65","Montipora angulata","Montipora","Montipora","DD","1987 (ZRC, 19870216)","1992 (ZRC,N322,199206)",NA,NA,NA,NA,NA,NA,NA,NA,NA,1.15,2,NA,NA,"colonial",NA,NA,NA,1,1,0,0,0,NA,"VU"
"66","Montipora capricornis","Montipora","Montipora","DD","1988 (ZRC, BB42, 19880620","Loo and Chou 1995",NA,NA,NA,NA,NA,NA,NA,NA,NA,0.8,2,NA,NA,"colonial","spawner","hermaphrodite","yes",0,1,1,0,1,NA,"VU"
"67","Montipora corbettensis","Montipora","Montipora","NT","1985 (ZRC, 19850722)","2019 (Chow et al)",NA,NA,NA,NA,NA,NA,NA,NA,NA,0.7,2,NA,NA,"colonial",NA,NA,NA,0,1,0,1,1,NA,"VU"
"68","Montipora crassituberculata","Montipora","Montipora","DD","1985 (ZRC, 19850726)","Loo and Chou 1995",NA,NA,NA,NA,NA,NA,NA,NA,NA,1.35,2,NA,NA,"colonial","spawner","hermaphrodite","yes",0,1,1,0,1,NA,"VU"
"69","Montipora danae","Montipora","Montipora","NT","1985 (ZRC, 19850802)","2019 (Chow et al)",NA,NA,NA,NA,NA,NA,NA,NA,NA,1.15,2,NA,NA,"colonial","spawner","hermaphrodite","yes",0,0,1,0,1,"generalist","LC"
"70","Montipora digitata","Montipora","Montipora","VU","1956 (as Montipora fruticosa; Purchon)","2018 (Wong et al)",41.494,11,33.5871124689218,NA,NA,NA,NA,NA,NA,0.85,2,NA,NA,"colonial","spawner","hermaphrodite","yes",1,0,0,0,0,"competitive","LC"
"71","Montipora efflorescens","Montipora","Montipora","NT","1956 (Purchon)","2020 (Ng et al)",NA,NA,NA,NA,NA,NA,NA,NA,NA,0.9,2,NA,NA,"colonial","spawner","hermaphrodite","yes",0,0,0,1,1,NA,"NT"
"72","Montipora foliosa","Montipora","Montipora","NT","1956 (as Montipora prolifera; Purchon)","2018 (Wong et al)",32.5,1,NA,NA,NA,NA,NA,NA,NA,0.75,2,NA,NA,"colonial","spawner","hermaphrodite",NA,0,0,1,0,0,NA,"NT"
"73","Montipora grisea","Montipora","Montipora","VU","1985 (ZRC, 19850805)","2020 (Ng et al)",NA,NA,NA,NA,NA,NA,NA,NA,NA,1,2,NA,NA,"colonial","spawner","hermaphrodite","yes",0,1,0,1,0,NA,"LC"
"74","Montipora hispida","Montipora","Montipora","NT","1881 (as Montipora hispida & M. expansa; Studer)","2019 (Chow et al)",NA,NA,NA,NA,NA,NA,NA,NA,NA,1.15,2,NA,NA,"colonial","spawner","hermaphrodite","yes",0,1,1,0,2,NA,"LC"
"75","Montipora hoffmeisteri","Montipora","Montipora","DD","1985 (ZRC, 19850722)","2018 (Wong et al)",NA,NA,NA,NA,NA,NA,NA,NA,NA,0.95,2,NA,NA,"colonial","spawner","hermaphrodite","yes",0,1,0,0,0,NA,"LC"
"76","Montipora informis","Montipora","Montipora","LC","1954 (ZRC, 195407)","2019 (Chow et al)",NA,NA,NA,NA,NA,NA,NA,NA,NA,1.25,2,NA,NA,"colonial","spawner","hermaphrodite","yes",0,1,0,1,0,NA,"LC"
"77","Montipora millepora","Montipora","Montipora","DD","1992 (ZRC, 199204)","",NA,NA,NA,NA,NA,NA,NA,NA,NA,0.55,2,NA,NA,"colonial",NA,NA,NA,0,1,0,1,0,NA,"LC"
"78","Montipora mollis","Montipora","Montipora","LC","1985 (ZRC, 19850701)","2019 (Chow et al)",NA,NA,NA,NA,NA,NA,NA,NA,NA,0.75,2,NA,NA,"colonial","spawner","hermaphrodite","yes",0,1,0,1,1,NA,"LC"
"79","Montipora monasteriata","Montipora","Montipora","LC","1881 (Studer)","2020 (Ng et al)",NA,NA,NA,NA,NA,NA,NA,NA,NA,0.9,2,NA,NA,"colonial","spawner","hermaphrodite","yes",0,1,1,1,0,"generalist","LC"
"80","Montipora peltiformis","Montipora","Montipora","DD","1985 (ZRC, 19850805)","1985 (ZRC, 19850805)",NA,NA,NA,NA,NA,NA,NA,NA,NA,0.8,2,NA,NA,"colonial","spawner","hermaphrodite","yes",0,1,0,0,2,NA,"NT"
"81","Montipora spongodes","Montipora","Montipora","DD","1986 (ZRC, 19850719)","2009 (Huang et al)",NA,NA,NA,NA,NA,NA,NA,NA,NA,1.05,2,NA,NA,"colonial",NA,NA,NA,0,1,1,0,1,NA,"LC"
"82","Montipora spumosa","Montipora","Montipora","DD","1986 (ZRC, 19860418)","2009 (Huang et al)",NA,NA,NA,NA,NA,NA,NA,NA,NA,0.8,2,NA,NA,"colonial","spawner","hermaphrodite","yes",0,1,1,0,1,NA,"LC"
"83","Montipora stellata","Montipora","Montipora","LC","1956 (as Montipora solanderi; Purchon)","2020 (Ng et al)",NA,NA,NA,NA,NA,NA,NA,NA,NA,0.75,2,NA,NA,"colonial","spawner","hermaphrodite","yes",0,0,1,0,1,NA,"LC"
"84","Montipora tuberculosa","Montipora","Montipora","NT","1985 (ZRC, 19850721)","2020 (Ng et al)",NA,NA,NA,NA,NA,NA,NA,NA,NA,0.8,2,NA,NA,"colonial","spawner","hermaphrodite","yes",0,0,1,1,0,NA,"LC"
"85","Montipora turgescens","Montipora","Montipora","DD","1985 (ZRC, 19850510)","2021 (Lee et al)",NA,NA,NA,NA,NA,NA,NA,NA,NA,0.9,2,NA,NA,"colonial","spawner","hermaphrodite","yes",0,1,0,1,1,NA,"LC"
"86","Montipora undata","Montipora","Montipora","VU","1985 (ZRC, 19850802)","2019 (Chow et al)",26,1,NA,NA,NA,NA,NA,NA,NA,1,2,NA,NA,"colonial",NA,NA,NA,0,1,1,0,1,NA,"NT"
"87","Montipora venosa","Montipora","Montipora","DD","1995 (Loo & Chou)","",NA,NA,NA,NA,NA,NA,NA,NA,NA,1.5,2,NA,NA,"colonial","spawner","hermaphrodite","yes",0,0,0,1,0,"stress-tolerant","NT"
"88","Montipora verrucosa","Montipora","Montipora","LC","1992 (ZRC, 199203)","2018 (Wong et al)",27.6511538461538,13,11.4061450499075,NA,NA,NA,NA,NA,NA,1.1,2,NA,NA,"colonial","spawner","hermaphrodite","yes",0,0,1,0,2,"generalist","LC"
"89","Leptoseris explanata","Leptoseris","Leptoseris","VU","1987 (ZRC, 19870418)","2020 (Kikuzawa et al)",NA,NA,NA,NA,NA,NA,NA,NA,NA,3.2,2,NA,NA,"colonial","spawner",NA,NA,0,1,1,0,0,NA,"LC"
"90","Leptoseris hawaiiensis","Leptoseris","Leptoseris","DD","1987 (ZRC, 19870212)","1987 (ZRC, 19870212)",NA,NA,NA,NA,NA,NA,NA,NA,NA,2.4,2,NA,NA,"colonial",NA,NA,NA,0,1,0,0,1,NA,"LC"
"91","Leptoseris scabra","Leptoseris","Leptoseris","DD","1988 (ZRC, 19881206)","2020 (Ng et al)",NA,NA,NA,NA,NA,NA,NA,NA,NA,5.05,2,NA,NA,"colonial",NA,NA,NA,0,1,0,0,1,NA,"LC"
"92","Gardineroseris planulata","Gardineroseris","Gardineroseris","DD","1995 (as Gardineroseris sp.; Loo & Chou)","1995 (as Gardineroseris sp.; Loo & Chou)",9.9,3,3.57631094844953,1.63,1,NA,NA,NA,NA,3.2,2,NA,NA,"colonial","spawner","gonochore","no",0,1,1,1,0,"stress-tolerant","LC"
"93","Pavona cactus","Pavona","Pavona","VU","1878 (as Leptoseris venusta; Brüggemann)","2020 (Kikuzawa et al)",37.925,3,8.68971950065133,NA,NA,NA,NA,NA,NA,1.2,2,1000,1,"colonial","spawner","gonochore",NA,0,0,1,0,1,NA,"VU"
"94","Pavona clavus","Pavona","Pavona","DD","1995 (Loo & Chou)","1995 (Loo & Chou)",14.2064516129032,31,4.87063962150564,1.665,4,0.172530190594767,NA,NA,NA,2.55,2,2000,1,"colonial","spawner","gonochore","no",0,0,1,0,1,"stress-tolerant","LC"
"95","Pavona decussata","Pavona","Pavona","NT","1881 (as Pavonia crassa; Studer)","2021 (Lee et al)",NA,NA,NA,NA,NA,NA,NA,NA,NA,2.7,2,20,1,"colonial",NA,NA,NA,0,0,1,0,2,"generalist","VU"
"96","Pavona explanulata","Pavona","Pavona","LC","1985 (ZRC, 19850812)","2020 (Kikuzawa et al)",NA,NA,NA,NA,NA,NA,NA,NA,NA,2.65,2,NA,NA,"colonial",NA,NA,NA,0,1,1,0,2,NA,"LC"
"97","Pavona frondifera","Pavona","Pavona","LC","1881 (as Pavonia frondifera; Studer)","2020 (Kikuzawa et al)",NA,NA,NA,NA,NA,NA,NA,NA,NA,2.05,2,NA,NA,"colonial",NA,NA,NA,0,0,1,0,1,NA,"LC"
"98","Pavona varians","Pavona","Pavona","VU","1995 (Loo & Chou)","2019 (Chow et al)",3.8,4,0.852447456836295,1.965,2,0.00707106781186548,NA,NA,NA,7,2,NA,NA,"colonial","spawner","gonochore","no",0,1,1,0,1,"stress-tolerant","LC"
"99","Stylocoeniella armata","Stylocoeniella","Stylocoeniella","DD","1985 (ZRC, 19850729)","2020 (Ng et al)",NA,NA,NA,NA,NA,NA,NA,NA,NA,1.8,2,NA,NA,"colonial",NA,NA,NA,0,1,0,0,0,NA,"LC"
"100","Coscinaraea columna","Coscinaraea","Coscinaraea","LC","1985 (ZRC, 19850722)","2020 (Ng et al)",NA,NA,NA,NA,NA,NA,NA,NA,NA,4.75,2,NA,NA,"colonial","spawner","gonochore",NA,0,1,0,1,0,NA,"LC"
"101","Coscinaraea exesa","Coscinaraea","Coscinaraea","DD","1995 (Loo & Chou)","1995 (Loo & Chou)",NA,NA,NA,NA,NA,NA,NA,NA,NA,4.35,2,NA,NA,"colonial",NA,NA,NA,0,0,0,0,1,NA,"LC"
"102","Cladopsammia gracilis","Cladopsammia","Tubastraea","DD","1995 (as Dendrophyllia gracilis; Loo & Chou)","1995 (as Dendrophyllia gracilis; Loo & Chou)",NA,NA,NA,NA,NA,NA,NA,NA,NA,NA,NA,NA,NA,NA,"brooder",NA,NA,NA,NA,NA,NA,NA,NA,NA
"103","Duncanopsammia peltata","Duncanopsammia","Turbinaria","LC","1881 (as Turbinaria peltata; Studer)","2021 (as Turbinaria peltata; Lee et al)",NA,NA,NA,NA,NA,NA,NA,NA,NA,4.5,2,NA,NA,"colonial",NA,NA,NA,0,1,1,0,1,NA,"VU"
"104","Tubastraea aurea","Tubastraea","Tubastraea","DD","1956 (as Tubastrea aurea; Purchon)","1995 (Loo & Chou)",NA,NA,NA,NA,NA,NA,NA,NA,NA,NA,NA,NA,NA,NA,NA,NA,NA,NA,NA,NA,NA,NA,NA,NA
"105","Tubastraea coccinea","Tubastraea","Tubastraea","DD","1881 (as Coenopsammia cocinnea; Studer)","2017 (BioBlitz_SIMP2017)",NA,NA,NA,NA,NA,NA,NA,NA,NA,NA,NA,NA,NA,NA,NA,"gonochore",NA,NA,NA,NA,NA,NA,NA,NA
"106","Tubastraea diaphana","Tubastraea","Tubastraea","LC","1956 (as Tubastrea diaphana; Purchon)","2020 (Lim et al)",NA,NA,NA,NA,NA,NA,NA,NA,NA,NA,NA,NA,NA,NA,"brooder",NA,NA,NA,NA,NA,NA,NA,NA,NA
"107","Tubastraea micranthus","Tubastraea","Tubastraea","LC","1881 (as Coenopsammia equiserialis; Studer)","2017 (BioBlitz_SIMP2017)",NA,NA,NA,NA,NA,NA,NA,NA,NA,NA,NA,NA,NA,NA,NA,NA,NA,NA,NA,NA,NA,NA,NA,NA
"108","Turbinaria frondens","Turbinaria","Turbinaria","LC","1995 (Loo & Chou)","2020 (Kikuzawa et al)",14,1,NA,NA,NA,NA,NA,NA,NA,1,2,400,1,"colonial","spawner","gonochore",NA,0,0,1,0,0,"generalist","LC"
"109","Turbinaria irregularis","Turbinaria","Turbinaria","DD","1985 (ZRC, 19850819)","2020 (Lim et al)",NA,NA,NA,NA,NA,NA,NA,NA,NA,1.8,2,NA,NA,"colonial",NA,NA,NA,0,1,1,0,0,NA,"LC"
"110","Turbinaria mesenterina","Turbinaria","Turbinaria","LC","2009 (Huang et al)","2021 (Lee et al)",19.28,1,NA,NA,NA,NA,NA,NA,NA,2.9,2,100,2,"colonial","spawner","gonochore",NA,0,0,1,0,0,"competitive","VU"
"111","Turbinaria radicalis","Turbinaria","Turbinaria","DD","1995 (Loo & Chou)","1995 (Loo & Chou)",NA,NA,NA,NA,NA,NA,NA,NA,NA,2.25,2,100,1,"colonial","spawner",NA,NA,0,1,0,0,0,NA,"NT"
"112","Turbinaria reniformis","Turbinaria","Turbinaria","NT","1995 (Loo & Chou)","2020 (Kikuzawa et al)",NA,NA,NA,NA,NA,NA,NA,NA,NA,3.5,2,500,1,"colonial","spawner","gonochore",NA,0,0,1,0,0,NA,"VU"
"113","Turbinaria stellulata","Turbinaria","Turbinaria","DD","1987 (ZRC.1987.2174, Huang et al)","2020 (Kikuzawa et al)",NA,NA,NA,NA,NA,NA,NA,NA,NA,2.7,2,NA,NA,"colonial",NA,NA,NA,0,1,0,1,0,NA,"VU"
"114","Diploastrea heliopora","Diploastrea","Diploastrea","LC","1956 (Purchon)","2021 (Lee et al)",2.43239285714286,28,0.35286272005746,NA,NA,NA,NA,NA,NA,8,2,700,3,"colonial","spawner","gonochore","no",0,0,0,1,0,"stress-tolerant","NT"
"115","Euphyllia glabrescens","Euphyllia","Euphyllia","DD","1881 (as Euphyllia turgida; Studer)","2020 (Lim et al)",NA,NA,NA,NA,NA,NA,NA,NA,NA,13.5,2,NA,NA,"colonial","brooder",NA,"yes",0,0,0,1,0,NA,"NT"
"116","Fimbriaphyllia ancora","Fimbriaphyllia","Euphyllia","LC","1995 (as Euphyllia ancora; Loo & Chou)","2020 (Lim et al)",NA,NA,NA,NA,NA,NA,NA,NA,NA,NA,NA,NA,NA,NA,NA,NA,NA,NA,NA,NA,NA,NA,NA,NA
"117","Fimbriaphyllia divisa","Fimbriaphyllia","Euphyllia","VU","1986 (ZRC, 19860506)","2019 (Chow et al)",NA,NA,NA,NA,NA,NA,NA,NA,NA,NA,NA,NA,NA,NA,NA,NA,NA,NA,NA,NA,NA,NA,NA,NA
"118","Fimbriaphyllia paraancora","Fimbriaphyllia","Euphyllia","DD","2020 (Lim et al)","2020 (Lim et al)",NA,NA,NA,NA,NA,NA,NA,NA,NA,NA,NA,NA,NA,NA,NA,NA,NA,NA,NA,NA,NA,NA,NA,NA
"119","Fimbriaphyllia paradivisa","Fimbriaphyllia","Euphyllia","DD","2020 (Ng et al)","2020 (Lim et al)",NA,NA,NA,NA,NA,NA,NA,NA,NA,NA,NA,NA,NA,NA,NA,NA,NA,NA,NA,NA,NA,NA,NA,NA
"120","Galaxea astreata","Galaxea","Galaxea","LC","1881 (as Galaxea clavus; Studer)","2020 (Lim et al)",NA,NA,NA,NA,NA,NA,NA,NA,NA,3.55,2,200,3,"colonial","spawner","gonochore",NA,0,1,0,0,2,"stress-tolerant","VU"
"121","Galaxea fascicularis","Galaxea","Galaxea","LC","1881 (Studer)","2020 (Kikuzawa et al)",NA,NA,NA,NA,NA,NA,NA,NA,NA,8.25,2,500,3,"colonial","spawner","gonochore","no",0,0,0,1,0,"stress-tolerant","NT"
"122","Ctenactis albitentaculata","Ctenactis","Fungia","DD","1860s (record consolidated by Hoeksema & Koh 2009)","1986-91 (record consolidated by Hoeksema & Koh 2009)",NA,NA,NA,NA,NA,NA,NA,NA,NA,260,1,NA,NA,"solitary",NA,NA,NA,0,0,0,1,0,NA,"NT"
"123","Ctenactis crassa","Ctenactis","Fungia","NT","1986-91 (record consolidated by Hoeksema & Koh 2009)","2020 (Ng et al)",NA,NA,NA,NA,NA,NA,NA,NA,NA,236,1,NA,NA,"solitary","spawner","gonochore","no",0,0,0,1,0,NA,"LC"
"124","Ctenactis echinata","Ctenactis","Fungia","LC","1860s (record consolidated by Hoeksema & Koh 2009)","2020 (Prasetia et al)",NA,NA,NA,NA,NA,NA,NA,NA,NA,284,1,NA,NA,"solitary","spawner","gonochore",NA,0,0,0,1,0,NA,"LC"
"125","Cycloseris costulata","Cycloseris","Fungia","DD","1987 (as ?Cycloseris marginata; ZRC, 19870603)","1995 (Loo & Chou)",NA,NA,NA,NA,NA,NA,NA,NA,NA,73,2,8,3,"solitary",NA,NA,NA,0,0,0,1,0,NA,"LC"
"126","Cycloseris explanulata","Cycloseris","Psammocora","DD","1995 (as Psammocora explanulata; Loo & Chou)","2020 (Kikuzawa et al)",NA,NA,NA,NA,NA,NA,NA,NA,NA,3.95,2,NA,NA,"solitary",NA,NA,NA,0,1,1,1,0,NA,"LC"
"127","Cycloseris mokai","Cycloseris","Lithophyllon","DD","1988 (ZRC, 19880900)","1995 (Loo & Chou)",NA,NA,NA,NA,NA,NA,NA,NA,NA,5.5,2,10,3,"solitary",NA,NA,NA,0,0,0,1,0,NA,"LC"
"128","Cycloseris vaughani","Cycloseris","Fungia","DD","1995 (as Fungia vaughani; Loo & Chou)","1995 (as Fungia vaughani; Loo & Chou)",NA,NA,NA,NA,NA,NA,NA,NA,NA,58.5,1,NA,NA,"solitary",NA,NA,NA,0,0,0,1,0,NA,"LC"
"129","Danafungia horrida","Danafungia","Fungia","DD","1881 (as Fungia danai; Studer)","1995 (Loo & Chou)",NA,NA,NA,NA,NA,NA,NA,NA,NA,204,1,20,3,"solitary","spawner","gonochore","no",0,0,0,1,0,NA,"LC"
"130","Danafungia scruposa","Danafungia","Fungia","LC","1860s (record consolidated by Hoeksema & Koh 2009)","2020 (Prasetia et al)",NA,NA,NA,NA,NA,NA,NA,NA,NA,111,1,24,3,"solitary","spawner","gonochore","no",0,0,0,1,0,NA,"LC"
"131","Fungia fungites","Fungia","Fungia","LC","1860s (record consolidated by Hoeksema & Koh 2009)","2020 (Prasetia et al)",2,1,NA,1.99,1,NA,0.41,1,NA,158,1,28,3,"solitary","spawner","gonochore",NA,0,0,0,1,0,"stress-tolerant","NT"
"132","Heliofungia actiniformis","Heliofungia","Heliofungia","NT","1890s (record consolidated by Hoeksema & Koh 2009)","2020 (Prasetia et al)",5.76,1,NA,NA,NA,NA,NA,NA,NA,142,1,20,1,"solitary",NA,NA,NA,0,0,0,1,0,"stress-tolerant","VU"
"133","Herpolitha limax","Herpolitha","Herpolitha","LC","1860s (record consolidated by Hoeksema & Koh 2009)","2020 (Prasetia et al)",10,1,NA,NA,NA,NA,NA,NA,NA,370,1,NA,NA,"colonial","spawner","gonochore","no",0,0,0,1,0,NA,"LC"
"134","Lithophyllon concinna","Lithophyllon","Fungia","LC","1860s (record consolidated by Hoeksema & Koh 2009)","2020 (Prasetia et al)",NA,NA,NA,NA,NA,NA,NA,NA,NA,160,1,16,3,"solitary","spawner","gonochore","no",0,0,0,1,0,NA,"LC"
"135","Lithophyllon repanda","Lithophyllon","Fungia","LC","1860s (record consolidated by Hoeksema & Koh 2009)","2020 (Prasetia et al)",NA,NA,NA,NA,NA,NA,NA,NA,NA,150,2,30,3,"solitary","spawner","gonochore","no",0,0,0,1,0,NA,"LC"
"136","Lithophyllon scabra","Lithophyllon","Fungia","LC","1860s (record consolidated by Hoeksema & Koh 2009)","2020 (Prasetia et al)",NA,NA,NA,NA,NA,NA,NA,NA,NA,78,1,NA,NA,"solitary",NA,NA,NA,0,0,0,1,0,NA,"LC"
"137","Lithophyllon undulatum","Lithophyllon","Lithophyllon","LC","1986-91 (record consolidated by Hoeksema & Koh 2009)","2020 (Lim et al)",NA,NA,NA,NA,NA,NA,NA,NA,NA,3.7,2,50,1,"colonial",NA,NA,NA,0,1,1,0,0,NA,"NT"
"138","Lobactis scutaria","Lobactis","Fungia","DD","1881 (Studer)","1995 (Loo & Chou)",9.3,4,5.32478481568348,NA,NA,NA,NA,NA,NA,169,1,17,3,"solitary","spawner","gonochore","no",0,0,0,1,0,NA,"LC"
"139","Pleuractis granulosa","Pleuractis","Fungia","DD","1986-91 (consolidated by Hoeksema & Koh 2009)","1986-91 (consolidated by Hoeksema & Koh 2009)",5.72565891472868,129,3.26914740532634,NA,NA,NA,NA,NA,NA,120,1,13.5,3,"solitary","spawner","gonochore",NA,0,0,0,1,0,"stress-tolerant","LC"
"140","Pleuractis moluccensis","Pleuractis","Fungia","NT","1860s (record consolidated by Hoeksema & Koh 2009)","2020 (Prasetia et al)",NA,NA,NA,NA,NA,NA,NA,NA,NA,160,1,NA,NA,"solitary",NA,NA,NA,0,1,0,1,0,NA,"LC"
"141","Pleuractis paumotensis","Pleuractis","Fungia","NT","1860s (record consolidated by Hoeksema & Koh 2009)","2020 (Prasetia et al)",NA,NA,NA,NA,NA,NA,NA,NA,NA,235,1,25,3,"solitary","spawner","gonochore",NA,0,0,0,1,0,NA,"LC"
"142","Podabacia crustacea","Podabacia","Podabacia","LC","1860s (record consolidated by Hoeksema & Koh 2009)","2021 (Lee et al)",NA,NA,NA,NA,NA,NA,NA,NA,NA,2.45,2,150,2,"colonial",NA,"gonochore",NA,0,1,1,0,0,NA,"LC"
"143","Podabacia kunzmanni","Podabacia","Podabacia","DD","2009 (Hoeksema)","2009 (Hoeksema)",NA,NA,NA,NA,NA,NA,NA,NA,NA,NA,NA,NA,NA,NA,NA,NA,NA,NA,NA,NA,NA,NA,NA,NA
"144","Podabacia motuporensis","Podabacia","Podabacia","DD","1986-91 (consolidated by Hoeksema & Koh 2009)","2018 (Wong et al)",NA,NA,NA,NA,NA,NA,NA,NA,NA,2.55,2,NA,NA,"colonial",NA,NA,NA,0,1,1,0,0,NA,"NT"
"145","Polyphyllia talpina","Polyphyllia","Polyphyllia","VU","1860s (record consolidated by Hoeksema & Koh 2009)","2020 (Prasetia et al)",NA,NA,NA,NA,NA,NA,NA,NA,NA,NA,NA,NA,NA,"colonial",NA,"gonochore",NA,0,0,0,1,0,NA,"LC"
"146","Leptastrea purpurea","Leptastrea","Leptastrea","LC","1977 (Chuang)","2021 (Lee et al)",1.8,1,NA,1.63,1,NA,0.31,1,NA,5.9,2,100,1,"colonial","spawner","gonochore",NA,0,1,0,0,0,"weedy","LC"
"147","Leptastrea transversa","Leptastrea","Leptastrea","LC","1985 (ZRC, 19850726)","2021 (Lee et al)",NA,NA,NA,NA,NA,NA,NA,NA,NA,7.3,2,NA,NA,"colonial",NA,NA,NA,0,1,0,1,0,NA,"LC"
"148","Oulastrea crispata","Oulastrea","Oulastrea","LC","1956 (Purchon)","2021 (Lee et al)",NA,NA,NA,NA,NA,NA,NA,NA,NA,4.55,2,NA,NA,"colonial","spawner","hermaphrodite","no",0,1,0,0,0,NA,"LC"
"149","Pachyseris rugosa","Pachyseris","Pachyseris","LC","1881 (as Pachyseris valenciennesii; Studer)","2020 (Kikuzawa et al)",NA,NA,NA,NA,NA,NA,NA,NA,NA,3.5,2,1000,3,"colonial","spawner","gonochore",NA,0,0,1,0,0,"generalist","VU"
"150","Pachyseris speciosa","Pachyseris","Pachyseris","LC","1881 (as Pachyseris speciosa & P. levicollis; Studer)","2021 (Lee et al)",NA,NA,NA,NA,NA,NA,NA,NA,NA,3.5,2,200,1,"colonial","spawner","gonochore","no",0,1,1,0,0,"generalist","LC"
"151","Acanthastrea echinata","Acanthastrea","Acanthastrea","LC","1995 (Loo & Chou)","2020 (Kikuzawa et al)",NA,NA,NA,NA,NA,NA,NA,NA,NA,NA,NA,NA,NA,"colonial","spawner","hermaphrodite",NA,0,1,0,1,0,"stress-tolerant","LC"
"152","Acanthastrea rotundoflora","Acanthastrea","Acanthastrea","DD","2009 (Huang et al)","2020 (Ng et al)",NA,NA,NA,NA,NA,NA,NA,NA,NA,NA,NA,NA,NA,"colonial",NA,NA,NA,0,1,0,0,1,NA,"NT"
"153","Echinophyllia aspera","Echinophyllia","Echinophyllia","LC","1985 (ZRC, 19850805)","2020 (Kikuzawa et al)",NA,NA,NA,NA,NA,NA,NA,NA,NA,9.85,2,NA,NA,"colonial","spawner","hermaphrodite",NA,0,1,1,0,0,NA,"LC"
"154","Echinophyllia echinoporoides","Echinophyllia","Echinophyllia","LC","1995 (Loo & Chou)","2020 (Ng et al)",NA,NA,NA,NA,NA,NA,NA,NA,NA,4.1,2,NA,NA,"colonial",NA,NA,NA,0,1,0,0,0,NA,"LC"
"155","Echinophyllia glabra","Echinophyllia","Oxypora","VU","1985 (ZRC, 19850701)","2020 (Ng et al)",NA,NA,NA,NA,NA,NA,NA,NA,NA,NA,NA,NA,NA,NA,NA,NA,NA,NA,NA,NA,NA,NA,NA,NA
"156","Homophyllia bowerbanki","Homophyllia","Acanthastrea","DD","1995 (as Acanthastrea hillae; Loo & Chou)","2009 (Huang et al)",NA,NA,NA,NA,NA,NA,NA,NA,NA,22.5,2,200,2,"colonial",NA,NA,NA,0,1,0,1,0,NA,"VU"
"157","Lobophyllia agaricia","Lobophyllia","Symphyllia","LC","1881 (as Symphyllia indica; Studer)","2020 (Kikuzawa et al)",NA,NA,NA,NA,NA,NA,NA,NA,NA,NA,NA,NA,NA,NA,NA,NA,NA,NA,NA,NA,NA,NA,NA,NA
"158","Lobophyllia corymbosa","Lobophyllia","Lobophyllia","LC","1986 (ZRC, 19860506)","2020 (Lim et al)",NA,NA,NA,NA,NA,NA,NA,NA,NA,30.3333333333333,3,200,2,"colonial",NA,NA,"no",0,1,0,1,0,"stress-tolerant","LC"
"159","Lobophyllia flabelliformis","Lobophyllia","Lobophyllia","DD","2019 (Chow et al)","2020 (Ng et al)",NA,NA,NA,NA,NA,NA,NA,NA,NA,44.2,2,200,1,"colonial",NA,NA,NA,0,0,0,1,0,NA,"VU"
"160","Lobophyllia hataii","Lobophyllia","Lobophyllia","VU","1986 (ZRC, 19860506)","2020 (Kikuzawa et al)",NA,NA,NA,NA,NA,NA,NA,NA,NA,27.5,2,NA,NA,"colonial",NA,NA,NA,0,0,0,1,0,NA,"LC"
"161","Lobophyllia hemprichii","Lobophyllia","Lobophyllia","LC","1881 (as Mussa tenuidentata; Studer)","2020 (Kikuzawa et al)",NA,NA,NA,NA,NA,NA,NA,NA,NA,21.65,2,500,1,"colonial","spawner","hermaphrodite",NA,0,1,0,1,0,NA,"LC"
"162","Lobophyllia radians","Lobophyllia","Symphyllia","LC","1881 (as Symphyllia radians & S. grandis; Studer)","2021 (Lee et al)",NA,NA,NA,NA,NA,NA,NA,NA,NA,NA,NA,NA,NA,NA,NA,NA,NA,NA,NA,NA,NA,NA,NA,NA
"163","Lobophyllia recta","Lobophyllia","Symphyllia","LC","1956 (as Symphyllia nobilis; Purchon)","2020 (Kikuzawa et al)",NA,NA,NA,NA,NA,NA,NA,NA,NA,NA,NA,NA,NA,NA,NA,NA,NA,NA,NA,NA,NA,NA,NA,NA
"164","Lobophyllia valenciennesii","Lobophyllia","Symphyllia","DD","2009 (as Symphyllia valenciennesii; Huang et al)","2020 (Ng et al)",NA,NA,NA,NA,NA,NA,NA,NA,NA,NA,NA,NA,NA,NA,NA,NA,NA,NA,NA,NA,NA,NA,NA,NA
"165","Micromussa amakusensis","Micromussa","Acanthastrea","DD","2019 (Ng et al)","2019 (Ng et al)",NA,NA,NA,NA,NA,NA,NA,NA,NA,8.6,2,NA,NA,"colonial","spawner",NA,NA,0,1,0,1,0,NA,"NT"
"166","Oxypora crassispinosa","Oxypora","Oxypora","DD","1995 (as Oxypora crassispinosa; Loo & Chou)","1995 (as Oxypora crassispinosa; Loo & Chou)",NA,NA,NA,NA,NA,NA,NA,NA,NA,7.5,2,NA,NA,"colonial",NA,NA,NA,0,1,1,0,0,NA,"LC"
"167","Oxypora echinata","Oxypora","Oxypora","LC","1995 (Loo & Chou)","2018 (Wong et al)",NA,NA,NA,NA,NA,NA,NA,NA,NA,NA,NA,NA,NA,NA,NA,NA,NA,NA,NA,NA,NA,NA,NA,NA
"168","Oxypora lacera","Oxypora","Oxypora","NT","1878 (Brüggemann)","2020 (Kikuzawa et al)",NA,NA,NA,NA,NA,NA,NA,NA,NA,7.45,2,NA,NA,"colonial","spawner","hermaphrodite","no",0,1,1,0,0,NA,"LC"
"169","Astrea annuligera","Astrea","Montastraea","DD","1986 (REST Survey)","1995 (as Montastrea annuligera; Loo & Chou)",NA,NA,NA,NA,NA,NA,NA,NA,NA,4.45,2,NA,NA,"colonial",NA,NA,NA,0,1,0,0,0,NA,"NT"
"170","Astrea curta","Astrea","Montastraea","DD","1985 (ZRC, 19850729)","2009 (Huang et al)",2.6,2,0.14142135623731,NA,NA,NA,NA,NA,NA,8.15,2,NA,NA,"colonial","spawner","hermaphrodite","no",0,1,0,1,1,"stress-tolerant","LC"
"171","Caulastraea echinulata","Caulastraea","Caulastraea","NT","1881 (as Dasyphyllia echinulata; Studer)","2020 (Lim et al)",NA,NA,NA,NA,NA,NA,NA,NA,NA,11.6,2,NA,NA,"colonial",NA,NA,NA,0,0,0,1,0,NA,"VU"
"172","Caulastraea furcata","Caulastraea","Caulastraea","DD","1977 (as Caulastrea furcata, Chuang)","2012 (Ng et al)",NA,NA,NA,NA,NA,NA,NA,NA,NA,10,2,500,1,"colonial","spawner","hermaphrodite",NA,0,0,0,1,0,"stress-tolerant","LC"
"173","Coelastrea incrustans","Coelastrea","Goniastrea","LC","1977 (as Goniastrea mantonae; Chuang)","2021 (as Coelastrea aspera; Lee et al)",NA,NA,NA,NA,NA,NA,NA,NA,NA,NA,NA,NA,NA,NA,NA,NA,NA,NA,NA,NA,NA,NA,NA,NA
"174","Coelastrea palauensis","Coelastrea","Goniastrea","DD","1986 (as Goniastrea palauensis; Chou & Wong)","2019 (Chow et al)",NA,NA,NA,NA,NA,NA,NA,NA,NA,14.4,2,20,1,"colonial","spawner","hermaphrodite",NA,0,1,0,1,0,NA,"NT"
"175","Cyphastrea chalcidicum","Cyphastrea","Cyphastrea","LC","1956 (Purchon)","2021 (Lee et al)",NA,NA,NA,NA,NA,NA,NA,NA,NA,2.2,2,100,1,"colonial","spawner","hermaphrodite",NA,0,1,0,1,0,"stress-tolerant","LC"
"176","Cyphastrea microphthalma","Cyphastrea","Cyphastrea","LC","1977 (Chuang)","2020 (Ng et al)",NA,NA,NA,NA,NA,NA,NA,NA,NA,2.15,2,NA,NA,"colonial","spawner","hermaphrodite",NA,0,1,0,1,0,"stress-tolerant","LC"
"177","Cyphastrea serailia","Cyphastrea","Cyphastrea","LC","1977 (Chuang)","2020 (Kikuzawa et al)",5.9,4,3.60924738230378,NA,NA,NA,NA,NA,NA,1.9,2,NA,NA,"colonial","spawner","hermaphrodite",NA,0,0,0,1,1,"stress-tolerant","LC"
"178","Dipsastraea amicorum","Dipsastraea","Favia","DD","1985 (ZRC, 19850715)","2009 (Huang et al)",NA,NA,NA,NA,NA,NA,NA,NA,NA,9.6,2,NA,NA,"colonial","spawner","hermaphrodite",NA,0,0,0,1,0,NA,"LC"
"179","Dipsastraea danai","Dipsastraea","Favia","DD","2009 (as Favia danae; Huang et al)","2020 (Ng et al)",NA,NA,NA,NA,NA,NA,NA,NA,NA,8,2,NA,NA,"colonial",NA,NA,NA,0,0,0,1,0,NA,"LC"
"180","Dipsastraea favus","Dipsastraea","Favia","LC","1881 (as Favia affinis; Studer)","2021 (Lee et al)",NA,NA,NA,NA,NA,NA,NA,NA,NA,8.83333333333333,3,37,1,"colonial",NA,NA,NA,0,1,0,1,0,"stress-tolerant","LC"
"181","Dipsastraea helianthoides","Dipsastraea","Favia","DD","2009 (as Favia helianthoides; Huang et al (b))","2009 (as Favia helianthoides; Huang et al (b))",NA,NA,NA,NA,NA,NA,NA,NA,NA,7.6,2,NA,NA,"colonial","spawner",NA,NA,0,0,0,0,1,NA,"NT"
"182","Dipsastraea laxa","Dipsastraea","Favia","DD","1995 (as Favia laxa; Loo & Chou)","2017 (as Dipsastraea cf. laxa; REL collections)",NA,NA,NA,NA,NA,NA,NA,NA,NA,4.8,2,NA,NA,"colonial","spawner","hermaphrodite",NA,0,0,0,1,0,NA,"NT"
"183","Dipsastraea lizardensis","Dipsastraea","Favia","LC","1995 (as Favia lizardensis; Loo & Chou)","2020 (Lim et al)",NA,NA,NA,NA,NA,NA,NA,NA,NA,13.35,2,100,1,"colonial","spawner","hermaphrodite",NA,0,0,0,1,0,NA,"NT"
"184","Dipsastraea maritima","Dipsastraea","Favia","DD","1995 (as Favia maritima; Loo & Chou)","2020 (Ng et al)",NA,NA,NA,NA,NA,NA,NA,NA,NA,16.3,2,NA,NA,"colonial",NA,NA,NA,0,0,0,1,0,NA,"NT"
"185","Dipsastraea matthaii","Dipsastraea","Favia","LC","1995 (as Favia matthaii; Loo & Chou)","2020 (Kikuzawa et al)",NA,NA,NA,NA,NA,NA,NA,NA,NA,11.3,2,NA,NA,"colonial","spawner","hermaphrodite",NA,0,0,0,1,0,"stress-tolerant","NT"
"186","Dipsastraea maxima","Dipsastraea","Favia","DD","2007 (as Favia maxima; Ang)","2020 (Kikuzawa et al)",NA,NA,NA,NA,NA,NA,NA,NA,NA,26,2,NA,NA,"colonial",NA,NA,NA,0,0,0,1,0,NA,"NT"
"187","Dipsastraea mirabilis","Dipsastraea","Favia","DD","2017 (BioBlitz_SIMP2017)","2018 (Wong et al)",NA,NA,NA,NA,NA,NA,NA,NA,NA,NA,NA,NA,NA,NA,NA,NA,NA,NA,NA,NA,NA,NA,NA,NA
"188","Dipsastraea pallida","Dipsastraea","Favia","VU","1977 (Chuang)","2020 (Kikuzawa et al)",4.53333333333333,3,1.20138808606267,1.43,1,NA,NA,NA,NA,8.5,2,NA,NA,"colonial","spawner","hermaphrodite",NA,0,0,0,1,0,"stress-tolerant","LC"
"189","Dipsastraea rotumana","Dipsastraea","Favia","DD","2009 (as Favia rotumana; Huang et al)","2009 (as Favia rotumana; Huang et al)",NA,NA,NA,NA,NA,NA,NA,NA,NA,11.5,2,NA,NA,"colonial","spawner","hermaphrodite",NA,0,1,0,1,0,NA,"LC"
"190","Dipsastraea speciosa","Dipsastraea","Favia","LC","1881 (as Favia speciosa; Studer)","2021 (Lee et al)",6.37857142857143,14,1.54381075535561,NA,NA,NA,NA,NA,NA,8.7,2,75,1,"colonial","spawner","hermaphrodite",NA,0,0,0,1,0,NA,"LC"
"191","Dipsastraea veroni","Dipsastraea","Favia","DD","1995 (as Favia veroni; Loo & Chou)","2009 (as Favia veroni; Huang et al)",NA,NA,NA,NA,NA,NA,NA,NA,NA,13.75,2,NA,NA,"colonial","spawner","hermaphrodite",NA,0,0,0,1,0,NA,"NT"
"192","Echinopora gemmacea","Echinopora","Echinopora","LC","1995 (Loo & Chou)","2020 (Ng et al)",NA,NA,NA,NA,NA,NA,NA,NA,NA,3.6,2,NA,NA,"colonial","spawner","hermaphrodite",NA,0,1,1,0,1,"generalist","LC"
"193","Echinopora hirsutissima","Echinopora","Echinopora","DD","1995 (Loo & Chou)","2009 (Huang et al)",NA,NA,NA,NA,NA,NA,NA,NA,NA,3.95,2,NA,NA,"colonial",NA,NA,NA,0,1,0,0,1,NA,"LC"
"194","Echinopora horrida","Echinopora","Echinopora","LC","
1878 (Brüggemann)","2018 (Wong et al)",NA,NA,NA,NA,NA,NA,NA,NA,NA,2.2,2,500,1,"colonial","spawner","hermaphrodite",NA,1,1,0,0,0,NA,"NT"
"195","Echinopora lamellosa","Echinopora","Echinopora","LC","1881 (as Echinopora flexuosa & E. reflexa; Studer)","2020 (Kikuzawa et al)",NA,NA,NA,NA,NA,NA,NA,NA,NA,2.85,2,500,1,"colonial","spawner","hermaphrodite",NA,0,0,1,0,0,NA,"LC"
"196","Echinopora pacifica","Echinopora","Echinopora","DD","2009 (as Echinopora pacificus; Huang et al)","2018 (Wong et al)",NA,NA,NA,NA,NA,NA,NA,NA,NA,NA,NA,NA,NA,NA,NA,NA,NA,NA,NA,NA,NA,NA,NA,NA
"197","Favites abdita","Favites","Favites","LC","1881 (as Prionastraea abdita, P. magnifica & P. robusta; Studer)","2021 (Lee et al)",0.8,1,NA,NA,NA,NA,NA,NA,NA,11.25,2,100,2,"colonial","spawner","hermaphrodite",NA,0,0,0,1,0,"stress-tolerant","NT"
"198","Favites chinensis","Favites","Favites","LC","1986 (Chou & Wong)","2021 (Lee et al)",NA,NA,NA,NA,NA,NA,NA,NA,NA,10,2,NA,NA,"colonial","spawner","hermaphrodite",NA,0,0,0,1,0,"stress-tolerant","NT"
"199","Favites colemani","Favites","Montastraea","DD","2009 (as Montastrea colemani; Huang et al)","2009 (Huang et al)",NA,NA,NA,NA,NA,NA,NA,NA,NA,5.95,2,40,1,"colonial",NA,NA,NA,0,1,0,0,1,NA,"NT"
"200","Favites complanata","Favites","Favites","LC","1985 (ZRC, 19850721)","2021 (Lee et al)",NA,NA,NA,NA,NA,NA,NA,NA,NA,13.4,2,NA,NA,"colonial","spawner","hermaphrodite",NA,0,0,0,1,0,NA,"NT"
"201","Favites flexuosa","Favites","Favites","VU","1986 (REST Survey)","2020 (Ng et al)",NA,NA,NA,NA,NA,NA,NA,NA,NA,16,2,NA,NA,"colonial","spawner","hermaphrodite",NA,0,1,0,1,0,NA,"NT"
"202","Favites halicora","Favites","Favites","LC","1985 (ZRC, 19850706)","2020 (Ng et al)",NA,NA,NA,NA,NA,NA,NA,NA,NA,13.8,2,NA,NA,"colonial","spawner","hermaphrodite","no",0,0,0,1,0,"stress-tolerant","NT"
"203","Favites magnistellata","Favites","Montastraea","NT","1986 (ZRC, 19860509)","2017 (REL Collections)",NA,NA,NA,NA,NA,NA,NA,NA,NA,8.6,2,200,1,"colonial","spawner","hermaphrodite","no",0,1,0,1,0,NA,"NT"
"204","Favites paraflexuosus","Favites","Favites","DD","2009 (as Favites paraflexuosa; Huang et al)","2020 (Ng et al)",NA,NA,NA,NA,NA,NA,NA,NA,NA,13.35,2,60,1,"colonial",NA,NA,NA,0,1,0,1,0,NA,"NT"
"205","Favites pentagona","Favites","Favites","LC","1995 (Loo & Chou)","2021 (Lee et al)",NA,NA,NA,NA,NA,NA,NA,NA,NA,6.15,2,100,2,"colonial","spawner","hermaphrodite",NA,0,1,0,0,2,"stress-tolerant","LC"
"206","Favites rotundata","Favites","Favia","DD","1995 (as Favia rotundata; Loo & Chou)","2020 (Ng et al)",NA,NA,NA,NA,NA,NA,NA,NA,NA,18.7,2,NA,NA,"colonial",NA,NA,NA,0,1,0,1,0,NA,"NT"
"207","Favites valenciennesi","Favites","Montastraea","LC","1977 (Chuang)","2021 (Lee et al)",NA,NA,NA,NA,NA,NA,NA,NA,NA,8.75,2,NA,NA,"colonial","spawner","hermaphrodite","no",0,1,0,0,1,"stress-tolerant","NT"
"208","Goniastrea edwardsi","Goniastrea","Goniastrea","LC","1881 (as Goniastraea capitata; Studer)","2019 (Chow et al)",9.8625,4,2.27133404265716,NA,NA,NA,NA,NA,NA,3.75,2,100,2,"colonial","spawner","hermaphrodite","no",0,0,0,1,0,"stress-tolerant","LC"
"209","Goniastrea favulus","Goniastrea","Goniastrea","LC","1995 (Loo & Chou)","2020 (Ng et al)",4.05,2,0.353553390593274,NA,NA,NA,NA,NA,NA,5.75,2,NA,NA,"colonial","spawner","hermaphrodite",NA,0,1,0,1,0,"stress-tolerant","NT"
"210","Goniastrea minuta","Goniastrea","Goniastrea","DD","2005 (Guest et al (b))","2015 (Ng et al)",NA,NA,NA,NA,NA,NA,NA,NA,NA,5.1,2,NA,NA,"colonial","spawner","hermaphrodite",NA,0,1,0,0,1,NA,"NT"
"211","Goniastrea pectinata","Goniastrea","Goniastrea","LC","1956 (Purchon)","2020 (Kikuzawa et al)",NA,NA,NA,NA,NA,NA,NA,NA,NA,10,2,NA,NA,"colonial","spawner","hermaphrodite",NA,0,1,0,0,1,NA,"LC"
"212","Goniastrea retiformis","Goniastrea","Goniastrea","LC","1961 (Chuang)","2021 (Lee et al)",7.27,5,0.845281018360166,1.7,1,NA,NA,NA,NA,5,2,100,2,"colonial","spawner","hermaphrodite","no",0,1,0,1,1,"stress-tolerant","LC"
"213","Goniastrea stelligera","Goniastrea","Favia","DD","1985 (ZRC, 19850715)","2009 (Huang)",10,1,NA,NA,NA,NA,NA,NA,NA,4.15,2,NA,NA,"colonial","spawner","hermaphrodite",NA,0,1,0,1,1,"stress-tolerant","NT"
"214","Hydnophora exesa","Hydnophora","Hydnophora","LC","1881 (Studer)","2020 (Kikuzawa et al)",NA,NA,NA,NA,NA,NA,NA,NA,NA,3.75,2,100,1,"colonial","spawner","hermaphrodite",NA,0,2,1,0,1,"generalist","NT"
"215","Hydnophora grandis","Hydnophora","Hydnophora","NT","2018 (Wong et al)","2020 (Kikuzawa et al)",NA,NA,NA,NA,NA,NA,NA,NA,NA,4,2,NA,NA,"colonial",NA,NA,NA,1,1,0,0,0,NA,"LC"
"216","Hydnophora microconos","Hydnophora","Hydnophora","DD","1977 (Chuang)","2017 (BioBlitz_SIMP2017)",8.9,2,3.67695526217005,1.37,1,NA,0.43,1,NA,5.4,2,NA,NA,"colonial","spawner","hermaphrodite",NA,0,0,0,1,0,"stress-tolerant","NT"
"217","Hydnophora rigida","Hydnophora","Hydnophora","NT","1881 (Studer)","2020 (Lim et al)",71,1,NA,NA,NA,NA,NA,NA,NA,5.7,2,NA,NA,"colonial","spawner","hermaphrodite",NA,1,0,0,0,1,NA,"LC"
"218","Leptoria phrygia","Leptoria","Leptoria","LC","1956 (Purchon)","2018 (Wong et al)",NA,NA,NA,1.61,1,NA,NA,NA,NA,3.05,2,NA,NA,"colonial","spawner","hermaphrodite","no",0,0,0,1,2,"stress-tolerant","NT"
"219","Merulina ampliata","Merulina","Merulina","LC","1881 (Studer)","2020 (Kikuzawa et al)",22.494,8,8.63536065918996,NA,NA,NA,NA,NA,NA,5,2,NA,NA,"colonial","spawner","hermaphrodite",NA,0,0,1,0,1,"generalist","LC"
"220","Merulina scabricula","Merulina","Merulina","LC","1985 (ZRC, 19850621)","2020 (Kikuzawa et al)",NA,NA,NA,NA,NA,NA,NA,NA,NA,2.65,2,NA,NA,"colonial",NA,NA,NA,0,0,1,0,1,NA,"LC"
"221","Mycedium elephantotus","Mycedium","Mycedium","LC","1956 (as Mycedium tubifex; Purchon)","2020 (Kikuzawa et al)",NA,NA,NA,NA,NA,NA,NA,NA,NA,8.75,2,300,1,"colonial","spawner","hermaphrodite",NA,0,1,1,0,0,"generalist","LC"
"222","Oulophyllia bennettae","Oulophyllia","Oulophyllia","DD","2005 (Guest et al (b))","2020 (Kikuzawa et al)",NA,NA,NA,NA,NA,NA,NA,NA,NA,15.1,2,NA,NA,"colonial","spawner",NA,NA,0,0,0,1,0,NA,"NT"
"223","Oulophyllia crispa","Oulophyllia","Oulophyllia","LC","1995 (as Oulophyllia crispata; Loo & Chou)","2017 (BioBlitz_SIMP2017)",21,2,1.4142135623731,NA,NA,NA,NA,NA,NA,9.3,2,100,2,"colonial","spawner","hermaphrodite","no",0,1,0,1,0,"stress-tolerant","NT"
"224","Paragoniastrea australensis","Paragoniastrea","Goniastrea","LC","1956 (as Goniastrea benhami; Purchon)","2021 (Lee et al)",3.76666666666667,3,1.58850034099251,NA,NA,NA,NA,NA,NA,9.25,2,NA,NA,"colonial","spawner","hermaphrodite",NA,0,1,0,0,1,"stress-tolerant","LC"
"225","Paragoniastrea russelli","Paragoniastrea","Favites","DD","1995 (as Favites russelli; Loo & Chou)","2017 (REL Collections)",NA,NA,NA,NA,NA,NA,NA,NA,NA,11,2,NA,NA,"colonial","spawner","hermaphrodite",NA,0,1,0,0,1,NA,"NT"
"226","Pectinia alcicornis","Pectinia","Pectinia","NT","1986 (ZRC, 19860429)","2020 (Kikuzawa et al)",NA,NA,NA,NA,NA,NA,NA,NA,NA,20,2,NA,NA,"colonial","spawner","hermaphrodite",NA,0,1,1,0,1,NA,"VU"
"227","Pectinia crassa","Pectinia","Pectinia","LC","2017 (BioBlitz_SIMP2017)","2020 (Kikuzawa et al)",NA,NA,NA,NA,NA,NA,NA,NA,NA,NA,NA,NA,NA,NA,NA,NA,NA,NA,NA,NA,NA,NA,NA,"DD"
"228","Pectinia lactuca","Pectinia","Pectinia","NT","1881 (as Tridacophyllia lactuca & T. symphylloides; Studer)","2020 (Kikuzawa et al)",NA,NA,NA,NA,NA,NA,NA,NA,NA,28.75,2,100,2,"colonial","spawner","hermaphrodite",NA,0,1,1,0,1,NA,"VU"
"229","Pectinia paeonia","Pectinia","Pectinia","LC","1881 (as Tridacophyllia laciniata; Studer)","2021 (Lee et al)",NA,NA,NA,NA,NA,NA,NA,NA,NA,32.5,2,100,1,"colonial","spawner","hermaphrodite","no",0,0,1,0,0,NA,"NT"
"230","Physophyllia ayleni","Physophyllia","Pectinia","DD","2009 (as Pectinia ayleni; Huang et al 2009)","2019 (Chow et al)",NA,NA,NA,NA,NA,NA,NA,NA,NA,13,2,NA,NA,"colonial",NA,NA,NA,0,1,1,0,0,NA,"NT"
"231","Platygyra daedalea","Platygyra","Platygyra","LC","1881 (as Coeloria daedalea; Studer)","2021 (Lee et al)",22,1,NA,NA,NA,NA,NA,NA,NA,7.9,2,NA,NA,"colonial","spawner","hermaphrodite",NA,0,1,0,1,0,"stress-tolerant","LC"
"232","Platygyra lamellina","Platygyra","Platygyra","VU","1956 (Purchon)","2020 (Kikuzawa et al)",7.4,1,NA,NA,NA,NA,NA,NA,NA,8.6,2,NA,NA,"colonial","spawner","hermaphrodite",NA,0,1,0,1,0,"stress-tolerant","NT"
"233","Platygyra pini","Platygyra","Platygyra","LC","1995 (Loo & Chou)","2021 (Lee et al)",NA,NA,NA,NA,NA,NA,NA,NA,NA,5.95,2,NA,NA,"colonial","spawner","hermaphrodite",NA,0,1,0,1,0,NA,"LC"
"234","Platygyra ryukyuensis","Platygyra","Platygyra","DD","2005 (Guest et al (b))","2009 (Huang et al)",NA,NA,NA,NA,NA,NA,NA,NA,NA,2.45,2,NA,NA,"colonial","spawner","hermaphrodite",NA,0,0,0,1,0,NA,"NT"
"235","Platygyra sinensis","Platygyra","Platygyra","LC","1881 (as Coeloria stricta & C. sinensis; Studer)","2021 (Lee et al)",8.36666666666667,3,3.06648550189518,NA,NA,NA,NA,NA,NA,5,2,NA,NA,"colonial","spawner","hermaphrodite",NA,0,1,0,1,0,"stress-tolerant","LC"
"236","Platygyra verweyi","Platygyra","Platygyra","NT","1995 (Loo & Chou)","2021 (Lee et al)",NA,NA,NA,NA,NA,NA,NA,NA,NA,3.75,2,NA,NA,"colonial",NA,NA,NA,0,0,0,1,0,NA,"NT"
"237","Plerogyra sinuosa","Plerogyra","Plerogyra","VU","1881 (as Plerogyra laxa; Studer)","2020 (Kikuzawa et al)",NA,NA,NA,NA,NA,NA,NA,NA,NA,22.5,2,100,1,"colonial",NA,NA,NA,0,0,0,1,0,"stress-tolerant","NT"
"238","Scapophyllia cylindrica","Scapophyllia","Scapophyllia","VU","1956 (Purchon)","2019 (Leveque et al)",NA,NA,NA,NA,NA,NA,NA,NA,NA,3.35,2,NA,NA,"colonial","spawner","hermaphrodite",NA,0,1,0,0,1,NA,"LC"
"239","Trachyphyllia geoffroyi","Trachyphyllia","Trachyphyllia","EN","1881 (as Trachyphyllia armaranthus; Studer)","2020 (Lim et al)",NA,NA,NA,NA,NA,NA,NA,NA,NA,3.75,2,8,1,"colonial",NA,NA,NA,0,0,0,1,0,NA,"NT"
"240","Physogyra lichtensteini","Physogyra","Physogyra","VU","1986 (ZRC, 19860418)","2018 (Wong et al)",NA,NA,NA,NA,NA,NA,NA,NA,NA,13,2,100,1,"colonial",NA,NA,NA,0,1,0,1,0,"stress-tolerant","VU"
"241","Plesiastrea versipora","Plesiastrea","Plesiastrea","DD","2017 (BioBlitz_SIMP2017)","2020 (Quek et al)",4.1375,8,2.52978683461106,NA,NA,NA,NA,NA,NA,3.75,2,300,3,"colonial","spawner","gonochore",NA,0,0,0,1,0,"stress-tolerant","LC"
"242","Madracis kirbyi","Madracis","Madracis","DD","1995 (Loo & Chou)","2019 (REL Collections)",NA,NA,NA,NA,NA,NA,NA,NA,NA,2.25,2,125,1,"colonial",NA,NA,NA,0,1,1,0,2,NA,"LC"
"243","Pocillopora acuta","Pocillopora","Pocillopora","LC","1881 (as Pocillopora damicornis and P. bulbosa; Studer)","2021 (Lee et al)",NA,NA,NA,NA,NA,NA,NA,NA,NA,NA,NA,NA,NA,NA,NA,NA,NA,NA,NA,NA,NA,NA,NA,NA
"244","Pocillopora cf. verrucosa","Pocillopora","Pocillopora","DD","Studder 1881","2009 (Lee & Sin)",NA,NA,NA,NA,NA,NA,NA,NA,NA,NA,NA,NA,NA,NA,NA,NA,NA,NA,NA,NA,NA,NA,NA,NA
"245","Seriatopora hystrix","Seriatopora","Seriatopora","NEx","1956 (Purchon)","1961 (Chuang) ",32.7,4,16.8338943800892,2.2,1,NA,NA,NA,NA,0.7,2,NA,NA,"colonial","brooder","hermaphrodite","yes",1,0,0,0,0,"weedy","LC"
"246","Stylophora pistillata","Stylophora","Stylophora","CR","Studder 1881","2010 (K Tun, as per comms)",20.9215732590476,24,8.19684833725826,1.70310449992,25,0.234457008767086,NA,NA,NA,1.15,2,NA,NA,"colonial","brooder","hermaphrodite","yes",1,0,0,0,1,"weedy","NT"
"247","Bernardpora stutchburyi","Bernardpora","Goniopora","LC","1956 (as Goniopora stutchburyi; Purchon)","2020 (Kikuzawa et al)",NA,NA,NA,NA,NA,NA,NA,NA,NA,1.8,2,NA,NA,"colonial",NA,"gonochore",NA,0,1,0,0,1,NA,"LC"
"248","Goniopora columna","Goniopora","Goniopora","LC","1956 (Purchon)","2021 (Lee et al)",NA,NA,NA,NA,NA,NA,NA,NA,NA,3.2,2,NA,NA,"colonial","spawner","gonochore",NA,0,0,0,0,1,NA,"NT"
"249","Goniopora djiboutiensis","Goniopora","Goniopora","NT","1986 (ZRC, 19860429)","2020 (Ng et al)",NA,NA,NA,NA,NA,NA,NA,NA,NA,3.95,2,NA,NA,"colonial","spawner","gonochore",NA,0,0,0,0,2,NA,"LC"
"250","Goniopora eclipsensis","Goniopora","Goniopora","DD","1985 (ZRC, 19850719)","1985 (ZRC, 19850719)",NA,NA,NA,NA,NA,NA,NA,NA,NA,2.55,2,NA,NA,"colonial",NA,NA,NA,0,0,0,0,1,NA,"LC"
"251","Goniopora fruticosa","Goniopora","Goniopora","DD","1956 (Purchon)","1995 (Loo & Chou)",NA,NA,NA,NA,NA,NA,NA,NA,NA,2.7,2,NA,NA,"colonial",NA,NA,NA,1,1,0,0,0,NA,"LC"
"252","Goniopora lobata","Goniopora","Goniopora","LC","1956 (Purchon)","2020 (Kikuzawa et al)",NA,NA,NA,NA,NA,NA,NA,NA,NA,3.5,2,NA,NA,"colonial","spawner","gonochore",NA,0,0,0,1,1,NA,"NT"
"253","Goniopora pandoraensis","Goniopora","Goniopora","LC","1995 (Loo & Chou)","2019 (Chow et al)",NA,NA,NA,NA,NA,NA,NA,NA,NA,2.35,2,NA,NA,"colonial",NA,NA,NA,0,0,0,0,1,NA,"LC"
"254","Goniopora pedunculata","Goniopora","Goniopora","DD","2017 (as Goniopora minor; BioBlitz_SIMP2017)","2021 (Lee et al)",NA,NA,NA,NA,NA,NA,NA,NA,NA,NA,NA,NA,NA,NA,NA,NA,NA,NA,NA,NA,NA,NA,NA,NA
"255","Goniopora pendulus","Goniopora","Goniopora","DD","1987 (ZRC.1987.1916, Huang et al)","2020 (Ng et al)",NA,NA,NA,NA,NA,NA,NA,NA,NA,4.85,2,NA,NA,"colonial",NA,NA,NA,0,0,0,1,0,NA,"LC"
"256","Goniopora somaliensis","Goniopora","Goniopora","DD","1985 (ZRC, 19850721)","2014 (Junjie et al)",NA,NA,NA,NA,NA,NA,NA,NA,NA,2.65,2,200,2,"colonial",NA,NA,NA,0,1,0,0,0,NA,"LC"
"257","Goniopora stokesi","Goniopora","Goniopora","NT","1987 (ZRC, 19870209)","2018 (Wong et al)",NA,NA,NA,NA,NA,NA,NA,NA,NA,3.7,2,10,1,"colonial",NA,NA,NA,0,0,0,1,1,NA,"NT"
"258","Goniopora tenuidens","Goniopora","Goniopora","DD","2018 (Wong et al)","2020 (Ng et al)",NA,NA,NA,NA,NA,NA,NA,NA,NA,NA,NA,NA,NA,"colonial","spawner","gonochore",NA,0,0,0,1,0,NA,"LC"
"259","Porites australiensis","Porites","Porites","LC","1986 (REST Survey)","2020 (Ng et al)",12.4615384615385,13,4.55622988546789,1.325,1,NA,NA,NA,NA,1.23333333333333,3,NA,NA,"colonial",NA,NA,NA,0,0,0,1,0,"stress-tolerant","LC"
"260","Porites cylindrica","Porites","Porites","VU","1986 (ZRC, 19860418)","2020 (Kikuzawa et al)",18.3576666666667,6,8.98762245906372,1.42,2,0.0565685424949239,0.44,1,NA,0.95,2,1000,1,"colonial","spawner","gonochore","yes",1,1,0,0,0,"weedy","NT"
"261","Porites deformis","Porites","Porites","DD","2009 (Huang et al)","2020 (Ng et al)",NA,NA,NA,NA,NA,NA,NA,NA,NA,1.4,2,NA,NA,"colonial",NA,NA,NA,0,0,0,0,1,NA,"NT"
"262","Porites lichen","Porites","Porites","DD","1985 (ZRC, 19850614)","2009 (Huang et al)",16.3,1,NA,NA,NA,NA,NA,NA,NA,1.35,2,NA,NA,"colonial",NA,NA,NA,0,0,1,0,1,NA,"LC"
"263","Porites lobata","Porites","Porites","LC","1977 (Chuang)","2021 (Lee et al)",9.84750278293135,77,4.67857644754425,1.37504347826087,46,0.129351537640088,0.792,5,0.563489130329947,1,2,685,2,"colonial","spawner","gonochore","yes",0,0,0,1,0,"stress-tolerant","NT"
"264","Porites lutea","Porites","Porites","LC","1956 (Purchon)","2021 (Moynihan et al)",14.4927857142857,70,6.03179580271001,1.27645238095238,42,0.200490277409295,2.06531818181818,22,0.584019682183305,1.1,3,400,1,"colonial","spawner","gonochore",NA,0,0,0,1,0,"stress-tolerant","LC"
"265","Porites monticulosa","Porites","Porites","DD","2009 (Huang et al)","2019 (Chow et al)",NA,NA,NA,NA,NA,NA,NA,NA,NA,1.05,2,100,1,"colonial",NA,NA,NA,1,2,1,1,0,NA,"LC"
"266","Porites murrayensis","Porites","Porites","DD","1995 (Loo & Chou)","1995 (Loo & Chou)",NA,NA,NA,NA,NA,NA,NA,NA,NA,0.85,2,20,2,"colonial","brooder","gonochore","yes",0,0,0,1,0,NA,"NT"
"267","Porites nigrescens","Porites","Porites","DD","1878 (as Porites saccharata; Brüggemann)","1995 (Loo & Chou)",17.8,1,NA,NA,NA,NA,NA,NA,NA,1.5,2,NA,NA,"colonial",NA,NA,NA,1,1,0,0,0,NA,"VU"
"268","Porites rus","Porites","Porites","NT","1956 (as Porites convexa; Purchon)","2021 (Lee et al)",15.24,3,9.9240870612868,NA,NA,NA,NA,NA,NA,0.7,2,500,2,"colonial","spawner","gonochore",NA,0,1,1,0,2,"weedy","LC"
"269","Porites solida","Porites","Porites","DD","1977 (Chuang)","1995 (Loo & Chou)",13.46,5,5.16797832812793,1.194,1,NA,NA,NA,NA,1.45,2,NA,NA,"colonial","spawner","gonochore",NA,0,0,0,1,0,NA,"LC"
"270","Porites stephensoni","Porites","Porites","DD","1986 (ZRC, 19860429)","1995 (Loo & Chou)",NA,NA,NA,NA,NA,NA,NA,NA,NA,1.1,2,10,3,"colonial","brooder",NA,"yes",0,1,0,1,1,NA,"NT"
"271","Porites vaughani","Porites","Porites","DD","1995 (Loo & Chou)","1995 (Loo & Chou)",NA,NA,NA,NA,NA,NA,NA,NA,NA,0.7,2,20,1,"colonial",NA,NA,NA,0,1,1,0,1,NA,"LC"
"272","Psammocora contigua","Psammocora","Psammocora","NT","1881 (Studer)","2020 (Lim et al)",NA,NA,NA,NA,NA,NA,NA,NA,NA,1.3,2,50,1,"colonial",NA,"gonochore",NA,0,0,0,0,2,NA,"NT"
"273","Psammocora haimiana","Psammocora","Psammocora","LC","1956 (as Psammocora togianensis; Purchon)","2020 (Kikuzawa et al)",29.5,2,0.707106781186548,NA,NA,NA,NA,NA,NA,3.15,2,NA,NA,"colonial",NA,NA,NA,0,0,0,0,1,NA,"LC"
"274","Psammocora nierstraszi","Psammocora","Psammocora","VU","1988 (REST Survey)","2020 (Lim et al)",NA,NA,NA,NA,NA,NA,NA,NA,NA,NA,NA,NA,NA,NA,NA,NA,NA,NA,NA,NA,NA,NA,NA,NA
"275","Psammocora profundacella","Psammocora","Psammocora","DD","1995 (as Psammocora superficialis; Loo & Chou)","2020 (Kikuzawa et al)",NA,NA,NA,NA,NA,NA,NA,NA,NA,2.15,2,NA,NA,"colonial","spawner",NA,"no",0,0,1,0,1,NA,"LC"
"276","Pseudosiderastrea tayamai","Pseudosiderastrea","Pseudosiderastrea","LC","1956 (Purchon)","2021 (Lee et al)",NA,NA,NA,NA,NA,NA,NA,NA,NA,3.75,2,16,3,"colonial",NA,NA,NA,0,1,0,1,0,NA,"NT"
